layer,position,n_pairs,SSSF_mean,SSSF_sd,NNNF_mean,NNNF_sd,HHHF_mean,HHHF_sd,SSHF_mean,SSHF_sd,dz_SSSF_NNNF,dz_HHHF_NNNF,dz_SSHF_NNNF,dz_SSHF_SSSF
0,eot_u_4,160,-0.9403892132010053,3.3254525518717797,-2.8047419474688366,3.1113408502738356,-5.685510569279225,2.6026605001866296,-3.523151525873831,3.194599439515726,0.7056009248641356,-1.1518458424529119,-0.2632105890775359,-0.9306579358042516
1,eot_u_4,160,0.9689870667936464,2.4930193773440124,-3.1385139988735116,3.1757928292160176,-4.382131638708377,2.8696249502514504,-0.7507281114100061,2.9324554781824674,2.3135796559576343,-0.6032222165388481,1.0839403878347196,-1.0820141423724279
2,eot_u_4,160,-2.2907040468242976,2.461677109081243,-4.690922894466183,3.1422517242205408,-4.999790602006807,3.1072096947079246,-3.270084628510407,2.7787920927924694,1.8988311105383542,-0.23336249743369059,1.0187464449971138,-1.1823991279948758
3,eot_u_4,160,-0.2667924908017573,1.268432174720487,-1.237249604689229,1.4021478271558474,-1.2939543223514063,1.2581011673547782,-0.5433961955418096,1.3388233133183784,1.1166130588184704,-0.07422729605384899,0.8453777259738559,-0.5950695873417625
4,eot_u_4,160,1.7574369345936263,1.825507617833662,0.749034857442187,2.2788231571091586,0.7734280623547177,1.9153623039881726,1.6093672126107212,2.0456266782691266,0.9150194804398218,0.020917159301071915,0.8892273156757661,-0.21353790554992935
5,eot_u_4,160,-0.11772235497595114,1.6952734379140821,0.33471147105483395,1.7220690737867732,0.056804154219209035,1.6351003155143276,-0.05696196878023887,1.7819399420673094,-0.5763801175838584,-0.46422614587869365,-0.5768312317220815,0.1273366217880989
6,eot_u_4,160,-2.0489037676454673,1.4008135797110441,-2.0776693919581337,1.579046097165697,-2.0887193703434606,1.5224691414146514,-2.118123286784815,1.4988476290983894,0.06353019350865977,-0.03668566938428353,-0.10250896565991217,-0.32248570261726817
7,eot_u_4,160,0.22837984983688359,1.4668043469504328,0.3383487849883348,1.671453140162163,0.49512691316237073,1.4365555426400598,0.41018228606995366,1.4588168748253183,-0.19307820875018677,0.26000334196441033,0.11672786949760344,0.8439650008811485
8,eot_u_4,160,1.800702032598198,1.5844882729752836,2.1884135743411974,1.6972237169190314,2.5091711837561332,1.769276650281453,2.223400453216919,1.5796896819609314,-0.8454306630112253,0.5923679842629878,0.07258023550155787,1.8406447569838025
9,eot_u_4,160,1.698903206123434,1.4710013276506195,2.063737962958962,1.5891027705987477,2.4642425193133213,1.4089255371915892,2.170883299204685,1.4561548506436361,-0.6405099580177007,0.6508773932605962,0.1706985462002398,1.4639533189690284
10,eot_u_4,160,0.5382300426251105,1.4003751178464128,0.7919397956489707,1.4701246049001924,1.1218271645502433,1.4282022011760551,0.7966525598586861,1.3851654297136986,-0.5391965253529503,0.9761502266833856,0.01135604965318953,0.8864924034352549
11,eot_u_4,160,1.0374581672142487,1.1143701258973084,2.0649044445796734,1.2036575154548068,2.18605889794449,1.2104043568286278,1.4660156394941244,0.9303111740833206,-1.9553377731066617,0.26367413479940144,-1.0973309249835896,0.9115039903813552
12,eot_u_4,160,0.3673949314414426,1.133528366037487,1.1208135636708718,1.1848391397182618,1.206620234101965,1.1668806762854236,0.7417155997429462,0.9820041700447073,-1.41226853783155,0.2052394813507421,-0.8308848087728715,0.991120826914877
13,eot_u_4,160,0.1515856372307341,1.3882583592665931,1.4886477654941077,1.1662932262803922,1.6209964813873383,1.0988865839311084,0.9470103578137806,1.0615019702280921,-2.22430546180986,0.29544890620744607,-1.2999105457869509,1.3268777051913925
14,eot_u_4,160,0.7185547648498444,1.1645494917723156,1.425704981877231,1.0530673606731187,1.6256701555811062,0.947364547686385,1.239172221256371,0.9012608348692487,-1.201247084538224,0.5307699576400048,-0.4352695919060516,1.2182359108466532
15,eot_u_4,160,-0.0004181834838050236,1.373912180151853,1.53963334308517,1.1673836225879197,1.7686410100328402,1.0218539052833453,0.9722083205105292,0.9672035939608983,-1.8991692702798915,0.5223622324290932,-1.1825135881417652,1.6333230884102734
16,eot_u_4,160,-0.01930193255499004,1.788755743009042,1.4911153190006914,1.4505647734063707,1.6151307793748273,1.1641597770029646,0.741863715762231,1.352660786350035,-1.8261655446348104,0.2071102755791583,-1.3716738371130193,1.2246286888983617
17,eot_u_4,160,0.3823350969640365,1.6330080558230968,1.6390680345206703,1.2902690058809432,1.949520234471612,1.1857358026705067,1.077267214126539,1.4592400100049319,-1.823591301390509,0.6482902603772902,-1.2473848855649252,1.3196556286062486
18,eot_u_4,160,0.13080158102727246,1.524758543259473,0.949474842500468,1.1351973397661672,1.155489152628002,1.091947111511836,0.5356370687688388,1.2845848227877001,-0.983341899922336,0.446246918984142,-0.7263992638150621,0.7930753684089351
19,eot_u_4,160,0.039529442799174586,2.1020695427091907,0.2819602284989666,1.5296658056513017,0.4060679029495565,1.4508141679194473,0.295884215883763,1.6441938743496285,-0.24772888519849703,0.26647428042707294,0.0261124373555432,0.3662997004066898
20,eot_u_4,160,0.42086979959554266,2.0153233011293152,0.7010388909713926,1.4414765702194765,0.6384832761315554,1.4079428225229835,0.5842590698437379,1.5688123455022773,-0.30766484301379887,-0.09863555133039709,-0.18784459481658503,0.2396113647834943
21,eot_u_4,160,0.3538303253934389,2.251494578933097,0.6901362606982933,1.493629893584181,0.7482932864194346,1.4631733640453957,0.6936250111961462,1.6667482335361459,-0.3317686147586342,0.09252771656362074,0.006201251511957006,0.4346287164885558
22,eot_u_4,160,0.5438387030949874,1.9716874280170498,1.3381207865861868,1.5266347400291616,1.7189174772580238,1.502753865274657,1.1147033410775964,1.5099866397404322,-0.9598135930278641,0.7652809911657914,-0.35943666267434204,0.860131564644113
23,eot_u_4,160,0.6370020048333048,2.0697905984004543,1.757046931112675,1.7559956657044253,2.097781335225013,1.6901887845913937,1.3116291777242606,1.7602858733875286,-1.448759344717333,0.5399727832608741,-0.6854718418837327,1.2383308926095133
24,eot_u_4,160,1.5370265716924068,2.010305270990148,2.2860466330073903,1.7927840698356416,2.6348752427818263,1.6226023791596225,1.8537122569686602,1.696316258462436,-1.0433221687508518,0.58179528931825,-0.6897518128765431,0.605246369084783
25,eot_u_4,160,1.5012889059172458,1.905776005720761,2.325571458851956,1.6762079240028047,2.7468190385540696,1.5951240056564955,1.9154550831238306,1.5910336589074443,-1.125486974472311,0.6850042460746598,-0.6297873934860749,0.7789723478817602
26,eot_u_4,160,1.0113367947305325,1.871335486247161,1.7736317566935758,1.684086415832821,2.405892472385326,1.6429722375729237,1.5367275575537207,1.6916262017376413,-1.2349367625341023,0.9794389003942625,-0.4154754012453762,1.0215507099432655
27,eot_u_4,160,0.9110344895160664,1.7344895142668366,1.724903888282973,1.3519782857300118,2.237747735923461,1.3279634746951556,1.386968386876379,1.4420745590028596,-1.2808933922269807,0.9628123552127025,-0.7457479338757077,0.8459088333568672
28,eot_u_4,160,0.4544955411733298,1.5401916130783764,1.39035712528256,1.2601763440554326,1.7532507588177417,1.2539006050717814,0.8985884535504685,1.3111848780849842,-1.596993582344662,0.7294594953519137,-0.984200626970018,0.778064375508307
29,eot_u_4,160,-0.6720748749984778,1.5425631204004175,0.5829150373188512,1.4603092784014253,0.776731191169248,1.256084222256923,-0.2539919379624724,1.3398668243233687,-1.927769786585372,0.2952010275228589,-1.4743369707091714,0.6367723939713471
30,eot_u_4,160,-0.1859994822208871,1.4116669407503275,0.14583743038529343,1.4728644691438373,0.43827975836346694,1.4473399368799635,-0.22034370125716335,1.2874220815748956,-0.427394033290005,0.4573048959362205,-0.6905376085338719,-0.048479853747230316
31,eot_u_4,160,-0.15076647446615765,1.1279376862977795,-0.2087470133566085,1.4255012326997243,-0.03603999306178217,1.2730672189506371,-0.443825275812038,1.14721308864374,0.0546581037016917,0.2152179863500077,-0.32663498759885334,-0.3454498267381403
