probe,strength,layer,A,B,C,D,E,sd_A,sd_B,sd_C,dz_B_C,dz_B_A,dz_C_A,dz_D_A,dz_E_A
P1,0.25,0,-2.7300649811475077,-2.6687639748809193,-3.0569353105696053,-2.6633926635431795,0.9138400173137949,1.8942910186832402,1.6336135168032226,2.2291032991619875,0.16533200872017859,0.03452222306819054,-0.17700205014481388,0.03163250204137732,1.9411958930983804
P1,0.25,1,3.417148018198696,3.5651481353338794,3.672532793890594,2.988794481964542,1.058498665046698,1.5581750211206584,1.5530600835244128,1.6869417653587688,-0.13563500945940885,0.16541120114967783,0.22031732227736645,-0.4404736931625501,-1.5985770233621808
P1,0.25,2,1.3794009305625212,1.5109747523883423,1.4933673765945206,1.1939845096415262,-0.31976979067221195,1.1203226908533055,1.1786695903714002,1.1666520394962332,0.037762992923924134,0.2702442643003241,0.2149192946937162,-0.33456754096326036,-2.0852140920409203
P1,0.25,3,0.3111822603976047,0.3759880208229366,0.39119208761078417,0.3500482562984891,-0.11610937407658836,0.4226834242119568,0.45993069838051226,0.4819805851237307,-0.05054123863682757,0.24447228039616017,0.3472140932230836,0.12553756866380533,-1.1504783127924274
P1,0.25,4,1.5524060607921908,1.6925973132553378,1.591712647343406,1.6640223501858074,0.9333950764558843,1.20796587345346,1.2204465820951367,1.3595641550531812,0.1399817887331338,0.2896909562714519,0.05506644714664828,0.16441380365823438,-0.8902698332534101
P1,0.25,5,0.5854072808279756,0.6217357741643113,0.6728749051212227,0.7087501785337788,0.6153269243696629,0.682537693785669,0.7188079881206887,0.7901667293526546,-0.08378803686619204,0.08737112742970383,0.19965969639609854,0.27616460397355136,0.0769954775360265
P1,0.25,6,-0.9002464330581924,-0.9053366329751859,-0.8494382460101999,-0.8873429137381695,-1.205906978395353,0.22061712711994608,0.20445860806677973,0.23114749671657164,-0.45571921223603984,-0.06284980484122758,0.3754027956433089,0.0953439058905662,-2.032863306974659
P1,0.25,7,1.5799901378759553,1.582868107072545,1.6104307709726935,1.621139057443207,1.1879835690035256,0.20112871361270235,0.19123313260754107,0.2565045332380102,-0.19713386142833508,0.03564042536919205,0.21935529583958255,0.3515037737435451,-2.392748925223846
P1,0.25,8,2.8770824434046203,2.8696837764093184,2.884141446244953,2.9004708716707657,2.566558189653043,0.25482505789264864,0.25932944489010434,0.2806881089452934,-0.11237627282404311,-0.06160299666232966,0.04286509911119902,0.1562367860686695,-1.747438932285023
P1,0.25,9,2.59180361489868,2.6054104326880685,2.583944678039516,2.622305808455083,2.4833480869666595,0.4092271905507362,0.390054263053843,0.4224853854260085,0.15154702264548184,0.12458961081202054,-0.05547882814352331,0.2204217774356958,-0.6145220307317503
P1,0.25,10,0.6928709380860065,0.7094292462481533,0.6726509757578472,0.6852244376007488,0.5102463722958936,0.2563278482503942,0.24786076240106947,0.31188347960798507,0.32423548231733557,0.15780946540113924,-0.16194835092343585,-0.06947633111861913,-1.3595542014653876
P1,0.25,11,1.6775614465414712,1.656296453358933,1.6496656547614943,1.6615561595771962,1.3856152885700557,0.10209053925754397,0.11225224180738334,0.10251079668065818,0.05921268232912793,-0.18820650096736027,-0.2755213349271116,-0.14376023435466434,-1.4775932209108713
P1,0.25,12,1.1625833619815147,1.1805889581284899,1.1728446340031948,1.1562617803840758,0.9002149294816372,0.24334664073347892,0.25703760924912616,0.2239612841569289,0.08344581453775593,0.16274040489859604,0.09351264209084344,-0.06321002314855088,-1.1489820520452392
P1,0.25,13,1.8558074091802266,1.8469438665838074,1.8699165001468745,1.8415589230394083,1.7131010585761026,0.2612164906722426,0.26153181575141327,0.25849839468794894,-0.2099065693702869,-0.08868299602496257,0.1220843120012287,-0.1103249658885286,-0.9585905411092769
P1,0.25,14,1.6033787724558732,1.6316905893247913,1.6075983719583373,1.633056964388151,1.6762696572170863,0.4861503096957854,0.47531740689704727,0.5005412285432066,0.2390348281662913,0.2490113710369877,0.04301394358958571,0.18989980909254228,0.3749222597855493
P1,0.25,15,1.0903240854321268,1.070319153661256,1.070338122693181,1.0989037753924507,0.9434204789261551,0.34253060412999703,0.3107655951444472,0.30550773055017627,-0.00017507558456257338,-0.15544955667177754,-0.2325769206566404,0.06194772206290317,-1.0854874400879924
P1,0.25,16,1.6095030566853648,1.5790887840597736,1.5755745308024018,1.5982418740054722,1.527349464190312,0.2203320788885934,0.21445680027518055,0.2092126679148293,0.02425220452485942,-0.2440714893336471,-0.24688240382016943,-0.08212186639739798,-0.47050936846597885
P1,0.25,17,1.7198713276507038,1.7245964537675558,1.6817818057192013,1.720580164035684,1.6274666301339227,0.19158984248688146,0.19954837775468495,0.2359988480718255,0.24460921935090293,0.0320174164859016,-0.22451646526485808,0.004534362678046746,-0.7236762456800899
P1,0.25,18,0.5633529290941464,0.5503412635505341,0.531709047428979,0.5194184829980282,0.5336201321916341,0.19755865279455884,0.20006303792997623,0.22354821677126477,0.16843862490010314,-0.12541660181581776,-0.24776998576930184,-0.2801121544665852,-0.2754870024967509
P1,0.25,19,0.24268129960279933,0.2691330860412551,0.19835900675583068,0.2356331986138605,0.1564574643553019,0.338095491801449,0.3352125208076979,0.34529890336123686,0.3697928684674028,0.14370991737210728,-0.2306438959570984,-0.040485385773523605,-0.5945622715929195
P1,0.25,20,0.6196513046222154,0.6646906810096572,0.4884155684189855,0.5135868537372652,0.3708771517874806,0.43172653135101874,0.42478722042706674,0.4890001560258405,0.6383675915313438,0.17423281224093282,-0.5003437027988551,-0.3287375168134563,-1.0978309310800236
P1,0.25,21,0.3314445109881474,0.31069449554740414,0.22392223890401217,0.24428456270304313,0.6540934081591304,0.4449452598348298,0.48223388399532763,0.5487337164241752,0.282525565739895,-0.06865815950125373,-0.39405944614572114,-0.27056006174569436,0.9535366783081733
P1,0.25,22,1.6105929718577752,1.624508004315572,1.4680991722986323,1.5344781102787457,2.1424471363773856,0.46039384200897493,0.532959041282467,0.5701815637718475,0.4359964662410769,0.04113831931547619,-0.5510923666949241,-0.16616538240600282,1.6564752716931352
P1,0.25,23,1.6951902487194626,1.6948740622090763,1.558511309662089,1.6030506879254354,1.8330198115141563,0.4272227700960062,0.5127441713202118,0.5474983091909539,0.41118559471616684,-0.0009404477382942925,-0.5200275301594709,-0.22647737794692427,0.5034720499498693
P1,0.25,24,3.6762275709118932,3.7034809230211962,3.508248368562724,3.5382705633351548,3.622504515639572,0.5103965597416197,0.6153120686937535,0.6134695175080913,0.5989617727221613,0.0877923929855321,-0.5712594738173388,-0.3307875047062654,-0.1941877659024494
P1,0.25,25,3.991600839214997,4.072929509184692,3.8429527391999407,3.8630648050660623,3.996532776678599,0.6357671892952298,0.7442567750040968,0.7680573606934878,0.6398130312892395,0.2430544358008493,-0.4703846849622964,-0.3152138486102086,0.013868498388956462
P1,0.25,26,3.6472672233230403,3.678335165185536,3.5191322729283967,3.5270819709330303,3.430386406816541,0.6236831196215671,0.7218731768809576,0.7596547345003,0.3956914429594813,0.08587165671596587,-0.38610371902379137,-0.30229341788420294,-0.6419163635449239
P1,0.25,27,3.933805843201317,3.951206453605657,3.829431227050722,3.8044080160421396,3.444138530579624,0.8584264233762099,0.9013754076790624,0.9802309280343654,0.3061110788942398,0.045309521176588013,-0.2742086288889434,-0.29631715294642047,-0.9702351300489515
P1,0.25,28,3.1133108173211808,3.0859552470103906,2.9927046459842237,2.95578079827399,2.9822724990166827,0.7331471906863619,0.7457890563147326,0.8265707427786968,0.2337384479797591,-0.06991434388600566,-0.33764571281774614,-0.3853163143207111,-0.2852576088530313
P1,0.25,29,1.70123548548136,1.781640008581182,1.6416312620521805,1.6278187226325609,1.9998605920794954,0.7248208046725915,0.748630575689989,0.8580174554514354,0.3335943862763144,0.18380111224875886,-0.16194321001536088,-0.19557605781235746,0.6245355056148455
P1,0.25,30,1.634197971368674,1.7434878623384702,1.646394927423914,1.6573883288880964,1.9242322702211747,0.6517710167818773,0.6055875258624717,0.7744051553710427,0.20774994231023616,0.2180415608983576,0.028215327382235828,0.06500230574995886,0.4297131002033782
P1,0.25,31,0.4870751329585025,0.6372418613127756,0.4525019819110125,0.4886802454152299,0.7030577483578087,0.6453094101961153,0.7099242967391035,0.7681574165347974,0.3586349597470357,0.30212000758672314,-0.07798229121325256,0.0038612823084415103,0.3787112791008018
P1,0.5,0,-2.7300649811475077,-2.324826759456815,-2.725774071362843,-1.9966168621117908,0.9138400173137949,1.8942910186832402,1.4503617514964615,2.0961271839743567,0.1915106164568268,0.200807075954163,0.0017454900649850784,0.2873056908808751,1.9411958930983804
P1,0.5,1,3.417148018198696,3.2265657217971535,3.1975365872549526,3.946709172587954,1.058498665046698,1.5581750211206584,1.3601280144929357,1.5279260633714002,0.020852805438201796,-0.15699180925609948,-0.17505877532386746,0.42669156143997217,-1.5985770233621808
P1,0.5,2,1.3794009305625212,1.3178153379471376,1.3743826531828365,1.2835415910314099,-0.31976979067221195,1.1203226908533055,0.9392688713498292,1.0863905758056132,-0.08148062744189236,-0.10608259256842502,-0.008866903795249192,-0.1737765472762447,-2.0852140920409203
P1,0.5,3,0.3111822603976047,0.358817992079049,0.35255590933700554,0.32806089410174905,-0.11610937407658836,0.4226834242119568,0.3593075914968402,0.40978914488016993,0.023287401727344226,0.15132395296502438,0.16161151898829695,0.06251455454452393,-1.1504783127924274
P1,0.5,4,1.5524060607921908,1.7281651790063761,1.5595660842504597,1.5468919826256653,0.9333950764558843,1.20796587345346,1.3174512022865486,1.2667832237393628,0.2615758997711743,0.2527037634697372,0.010166038182734831,-0.007888912085254484,-0.8902698332534101
P1,0.5,5,0.5854072808279756,0.4820170470204925,0.6609628108030801,0.6348897888248002,0.6153269243696629,0.682537693785669,0.7260835530840072,0.695155136321581,-0.34136379082875484,-0.2113123282832202,0.17170731128764255,0.10614536011946041,0.0769954775360265
P1,0.5,6,-0.9002464330581924,-0.937789213503717,-0.8857164953305372,-0.9207455565456545,-1.205906978395353,0.22061712711994608,0.20160086176170117,0.2250502711752999,-0.29901781708644126,-0.2668984940815949,0.09156043081532642,-0.1501636886940119,-2.032863306974659
P1,0.5,7,1.5799901378759553,1.5574312309034872,1.5784207515559574,1.5855603788330794,1.1879835690035256,0.20112871361270235,0.2112606833832715,0.22253718304205047,-0.11769972481506984,-0.15765393958124047,-0.012285137087709884,0.05915289312155788,-2.392748925223846
P1,0.5,8,2.8770824434046203,2.897061989395725,2.8229982837881176,2.8615153250083076,2.566558189653043,0.25482505789264864,0.30529689395802795,0.26251362896106767,0.45930473408581524,0.1415553190793149,-0.36508065851789406,-0.13358515233955595,-1.747438932285023
P1,0.5,9,2.59180361489868,2.6239933889181164,2.573035282314184,2.590890800588489,2.4833480869666595,0.4092271905507362,0.42856199734031414,0.4085989621098446,0.26051570615212105,0.20626313855350104,-0.10793364876333718,-0.007711719902606777,-0.6145220307317503
P1,0.5,10,0.6928709380860065,0.7209806791215863,0.6404063689364825,0.698704804911233,0.5102463722958936,0.2563278482503942,0.2749107872197926,0.2703615458646662,0.5176202372285091,0.25469580410671416,-0.3891533499123904,0.06026082080677971,-1.3595542014653876
P1,0.5,11,1.6775614465414712,1.6471682317881022,1.6272479734312721,1.6537587178704096,1.3856152885700557,0.10209053925754397,0.1265049423546814,0.134096758435216,0.1269872719876613,-0.21261597440493124,-0.4663242270037284,-0.2933826115792293,-1.4775932209108713
P1,0.5,12,1.1625833619815147,1.1694314128877576,1.1253620481445534,1.1679502967042539,0.9002149294816372,0.24334664073347892,0.223235736134154,0.2513951237985906,0.3047884978635309,0.047640767840646865,-0.5165580360575347,0.060224329524369416,-1.1489820520452392
P1,0.5,13,1.8558074091802266,1.7874229918196725,1.8459645286595765,1.8351087565666873,1.7131010585761026,0.2612164906722426,0.3155640805084767,0.26176853736107414,-0.31352188447976953,-0.413444576957746,-0.09635384404653746,-0.24355274785538858,-0.9585905411092769
P1,0.5,14,1.6033787724558732,1.638215044374347,1.5926237167041406,1.6407080802039693,1.6762696572170863,0.4861503096957854,0.4939378619271187,0.4684535284576105,0.2731984097796419,0.25939204332931887,-0.0933890762264711,0.33221952266573557,0.3749222597855493
P1,0.5,15,1.0903240854321268,1.005945367803806,1.039794208255204,1.106508318562423,0.9434204789261551,0.34253060412999703,0.3431063248331534,0.29882647308707244,-0.171156284066115,-0.5195460447067416,-0.4062418757535996,0.14579614834373233,-1.0854874400879924
P1,0.5,16,1.6095030566853648,1.5114014630428543,1.5910753253102954,1.6081354649516075,1.527349464190312,0.2203320788885934,0.2432070317755462,0.19005952412942465,-0.4061269085229014,-0.557693050567675,-0.11931620767687622,-0.009548796621893889,-0.47050936846597885
P1,0.5,17,1.7198713276507038,1.6831987950698934,1.6922318012369317,1.6966333287420923,1.6274666301339227,0.19158984248688146,0.22198217454395683,0.1874198300049587,-0.04429206384767013,-0.24242911233130973,-0.1430693133088007,-0.14260333873500494,-0.7236762456800899
P1,0.5,18,0.5633529290941464,0.5225378423350959,0.5436507008911667,0.5508683097855097,0.5336201321916341,0.19755865279455884,0.2401908406921456,0.2017319579707594,-0.11859004144538086,-0.3301054645118108,-0.13331775008848354,-0.09046762805487332,-0.2754870024967509
P1,0.5,19,0.24268129960279933,0.20083981695088138,0.20308132517180547,0.22221727771280322,0.1564574643553019,0.338095491801449,0.36471301906802217,0.35677544963540864,-0.011566449289748433,-0.23826875809729098,-0.18499076822812652,-0.12167200529930877,-0.5945622715929195
P1,0.5,20,0.6196513046222154,0.5341758097659399,0.5031114931017815,0.4373471027999365,0.3708771517874806,0.43172653135101874,0.4263464898310194,0.5023601382786493,0.10431187740416228,-0.322742539446719,-0.34897438892004107,-0.7365498915755779,-1.0978309310800236
P1,0.5,21,0.3314445109881474,0.2066094568969259,0.31290340681041895,0.1948353563332687,0.6540934081591304,0.4449452598348298,0.459221001609108,0.5436662179156622,-0.3371241725340716,-0.42304939976318634,-0.062456796992996416,-0.5776371174719293,0.9535366783081733
P1,0.5,22,1.6105929718577752,1.5097264131145587,1.5354699592582597,1.5146211828562202,2.1424471363773856,0.46039384200897493,0.6052929724714017,0.40599934006880317,-0.05529036886533895,-0.24119126731162996,-0.2570292422952151,-0.36562911092317174,1.6564752716931352
P1,0.5,23,1.6951902487194626,1.478863386080565,1.6373967735232047,1.5604605522515327,1.8330198115141563,0.4272227700960062,0.5307771466892303,0.4346613689358937,-0.3464588143246298,-0.5279619427386143,-0.16622446831991294,-0.45648289862602853,0.5034720499498693
P1,0.5,24,3.6762275709118932,3.4933006921294805,3.577448884596371,3.5433048009736097,3.622504515639572,0.5103965597416197,0.6146305294355856,0.46907447033742905,-0.19149099826651572,-0.45692443265429555,-0.29989638382131667,-0.44317160556752827,-0.1941877659024494
P1,0.5,25,3.991600839214997,3.8754229833468594,3.8511301735399606,3.8550875156960096,3.996532776678599,0.6357671892952298,0.7660158702185753,0.5920186388240885,0.06714749500589996,-0.315811085883347,-0.4482449430858871,-0.4559841609020821,0.013868498388956462
P1,0.5,26,3.6472672233230403,3.434845760649831,3.5450863607965695,3.519934160833426,3.430386406816541,0.6236831196215671,0.7649076358537958,0.6252069879690252,-0.2713948154762883,-0.5145713114674023,-0.3309343905775756,-0.38100545845288786,-0.6419163635449239
P1,0.5,27,3.933805843201317,3.8018766163207927,3.8353629365304123,3.8014374942159224,3.444138530579624,0.8584264233762099,0.9850993242896715,0.849771028031495,-0.09042825716864204,-0.31172956685197456,-0.30321965362853226,-0.4074166323101654,-0.9702351300489515
P1,0.5,28,3.1133108173211808,2.983327567493288,3.044073879195,2.9644881552713476,2.9822724990166827,0.7331471906863619,0.8214676356824251,0.6384695390400041,-0.16748949785378536,-0.33050676097457177,-0.2271009511971828,-0.44188743043361056,-0.2852576088530313
P1,0.5,29,1.70123548548136,1.7479831009961941,1.7050765010801243,1.545232470421741,1.9998605920794954,0.7248208046725915,0.8810916075112442,0.6956910772840803,0.11654362962562607,0.11444354187844119,0.013021869888826539,-0.5212147372813931,0.6245355056148455
P1,0.5,30,1.634197971368674,1.7930299657932651,1.6309833682215722,1.561914179232315,1.9242322702211747,0.6517710167818773,0.7835638476043584,0.6683196957200754,0.39944683709151035,0.3174340892060686,-0.009582154563086785,-0.18492865167545972,0.4297131002033782
P1,0.5,31,0.4870751329585025,0.7077213665837503,0.4799662305223741,0.4022612022129878,0.7030577483578087,0.6453094101961153,0.8128183473505728,0.6713353347367718,0.48538232508530793,0.4023606272302605,-0.020767355756058453,-0.19134391640051907,0.3787112791008018
P2,0.25,0,12.975289742668062,13.677262388358011,13.181918243298403,13.283939085533921,5.585171280842543,5.522689606625758,6.225144191576229,6.004059501710439,0.21339334836901416,0.21711822551475343,0.05717283418642459,0.08785381084748722,-1.8662511348792366
P2,0.25,1,11.647296169929769,12.368062158918907,12.086998531297626,11.729954949138499,3.164478921903609,6.514692631589629,6.876909802207865,7.058875760126003,0.1759344316720959,0.24805347355885754,0.15667207497816765,0.02582104149980444,-1.9256410821835368
P2,0.25,2,8.705456023887555,9.102925659921175,8.745109319478289,8.376046305036043,4.833476555513257,2.4924665318582426,2.4654633017970866,2.705232219806175,0.4365982254265026,0.3319289743592419,0.03191041474111259,-0.2649884408557956,-2.0121827054433163
P2,0.25,3,7.627000617399013,8.09295480760004,7.780407571009674,7.526670375089059,4.650379127152753,2.1484833615465684,2.085565613469271,2.011346482613926,0.4798813943781717,0.5674306588027316,0.16444437055202202,-0.09057581122647265,-2.24678450588221
P2,0.25,4,8.956212314267068,9.32207106129415,9.002595887902533,8.828531808807458,7.12077637261122,1.750156540701916,1.9083917987853165,1.8126238249420925,0.4372517920523196,0.4569636076241859,0.052405021732894096,-0.12899192902790266,-1.8880952141875478
P2,0.25,5,5.892117920396432,6.016422562600761,5.80433384083994,5.656086272201357,3.474176289580723,2.159369176721716,2.086218819052103,2.3245572661212384,0.2678955445617407,0.18297318411251534,-0.09608496927670836,-0.33001555421265194,-2.4724743680849106
P2,0.25,6,1.0335136947616692,1.0132471539237715,1.0252919191668197,0.9353636170889089,-0.07691398034089013,1.7010319282173407,1.667359031069147,1.7595443379410498,-0.04465071380677361,-0.0742900980068897,-0.024358599669454334,-0.41227726414870264,-3.067517169021539
P2,0.25,7,2.1076675748636076,2.1009957916699884,2.062331973197975,2.0912375358026205,1.554396015478074,1.4013043468546174,1.4321383981049234,1.5628477965881251,0.14780385467097654,-0.04694008322353534,-0.15419240606644213,-0.1055028932204609,-1.9846450744079827
P2,0.25,8,1.707096715113138,1.7358784283698891,1.695022852927226,1.710431885297209,1.0765992791504693,0.7269860966736933,0.7655243840960665,0.9050995800786599,0.14663569233881646,0.1485525881055961,-0.04048836353215146,0.01588347106354803,-1.8258908829930787
P2,0.25,9,-0.5059621404337719,-0.4010280084259731,-0.5197536257138836,-0.47848460697323425,-0.8866013480807851,1.397905901850002,1.399130888101553,1.530415328275086,0.47695854786909403,0.5831446722351202,-0.05518043913445018,0.13992742146677717,-1.9066232248730783
P2,0.25,10,0.2284916410495664,0.24688499592768598,0.1820975049048013,0.17293030553888308,-0.4476968494760947,1.0508534570711043,0.9867457668623784,1.1342297369632086,0.26499015904602286,0.0807246387292979,-0.2675496296660348,-0.2854701261555641,-2.9116535365398377
P2,0.25,11,0.1946974426066195,0.20412735905827248,0.14790720377811584,0.18445602973829497,-0.10297522914352239,0.639303282998736,0.6712980373532477,0.6545002379181143,0.2396462618247272,0.05301941552067294,-0.2236177194666068,-0.05984547579106726,-1.40900318818368
P2,0.25,12,-1.0292692901526541,-1.00603703639818,-1.057076809419843,-1.039710350862288,-1.604220629204925,0.959614609326874,0.9573316575488897,0.9211403651151396,0.18664902942856798,0.09740485011243885,-0.15737285576427432,-0.05164714185754988,-2.989542124100729
P2,0.25,13,-0.7299902928079515,-0.7327530757010959,-0.7791458219730037,-0.7882819522992741,-1.2322204363864142,0.9880109443311101,0.9294186482182811,0.9743949127905883,0.23263626920787867,-0.019946296606585298,-0.30842199165951206,-0.323314549992491,-2.3419500613190225
P2,0.25,14,-0.8954427658989698,-0.8340458671247731,-0.928150556799116,-0.9202028966350111,-1.1361552900308163,1.0540903044003034,1.0145915212226477,1.026352579130597,0.3325378314176649,0.21652091291494516,-0.20781362437556045,-0.12155293392351281,-0.9507835997333857
P2,0.25,15,-1.0746328729332282,-1.052345800474727,-1.1026562966559283,-1.104190936835081,-1.4691023736199271,1.0861634973061014,1.0492558130579135,1.089966554930284,0.2348981933100732,0.09650738244134385,-0.22259204500578864,-0.2642393973179036,-1.417613632280045
P2,0.25,16,-1.7392257595730551,-1.681014800557651,-1.7723325413275481,-1.7595046722537515,-2.3324456608216755,1.0301487600571537,1.041490866202866,1.022428220839895,0.3478874513942311,0.20837336965612988,-0.18279283459223614,-0.11209338807172586,-1.6426090978125276
P2,0.25,17,-1.253519353721082,-1.132261637936239,-1.2841732849599414,-1.2341170821331293,-1.433600333007789,1.5588224006236513,1.5922607633353691,1.5536769163796764,0.5627579929997939,0.42441789882304903,-0.1606384162672858,0.08481103227178399,-0.7673614477037993
P2,0.25,18,-1.3445095703561347,-1.2245618852892661,-1.3805583782327933,-1.3738195440889824,-1.4135738491772853,1.515065164373719,1.5048915114450534,1.4302600988101237,0.44269665213812465,0.3442096491660828,-0.15038410955472445,-0.12234964871988895,-0.19895174096889814
P2,0.25,19,-1.7564608422990997,-1.6754798690832495,-1.8009991741499103,-1.7661459052915234,-2.008305977183118,1.4365931614598308,1.4101131177222832,1.3990020266250422,0.48822080797108247,0.31479048045398134,-0.2090157991369334,-0.05409162258595623,-0.9840538140504995
P2,0.25,20,-2.1620651767831314,-2.0426903873146824,-2.168659300035593,-2.2057930072430554,-2.35946855978765,2.725513954363117,2.7372065923565825,2.777412587121556,0.30629314420315523,0.31616276642341473,-0.022125841014543617,-0.14096787570493166,-0.4347988119615511
P2,0.25,21,-1.8548559833482527,-1.7766917236565245,-1.9060108646029903,-1.9033505191816154,-1.8350740805247177,1.4617025190438016,1.4329182036480974,1.459687601408924,0.39036654542679444,0.2685841598831901,-0.22067436146374597,-0.2591973461251424,0.056613225408661545
P2,0.25,22,-1.2359446356590997,-1.124128824226171,-1.2468801288188827,-1.3032399751967811,-1.1831309773308694,2.7542244035391983,2.769789632992865,2.7623402167711797,0.2693592690103897,0.2667162051728058,-0.03474550042327613,-0.21865989065562821,0.09706619847261308
P2,0.25,23,-0.4537974291250828,-0.34511861164129687,-0.489123693546059,-0.5197983872704894,-0.7899150059133866,2.145173202458924,2.1594377189733365,2.2087032291090463,0.29035180835707225,0.21490879746835206,-0.1048013272539514,-0.19724336521834834,-0.6178210857607696
P2,0.25,24,0.7122797012982265,0.8022036261679171,0.6668532766188433,0.6374261851988027,0.19246716411741133,2.2086449269727275,2.198248451914562,2.2445541711832586,0.2846760102578364,0.19234017855231395,-0.1392835212552958,-0.24557969562657173,-0.8519008342266745
P2,0.25,25,1.2059859309283358,1.2982348018587042,1.1688652436210714,1.16737286994158,0.27291604942053577,2.073709049323,2.049808554901933,2.11215471111357,0.267847403063739,0.18848983843462536,-0.10692275606084285,-0.12084755436245105,-1.5798938627796857
P2,0.25,26,1.6591564304478854,1.7377125603840617,1.6417331195437548,1.6280832070346147,0.8154150486751638,2.0715431881320963,2.149067238933603,2.1719460815045095,0.1812529919850085,0.14754546921788908,-0.04333867337681121,-0.08429555779980964,-1.0079099182431257
P2,0.25,27,0.10975489167005961,0.17511991794925869,0.05055154503117536,0.014700130593460647,-1.32651632984302,3.8400740316281725,3.966085921367305,4.021012025835965,0.1782939193064977,0.10067884223498393,-0.1018542046865979,-0.20528094431656033,-1.1016277128229628
P2,0.25,28,-0.23431185326379747,-0.14062383686507368,-0.2785371502099989,-0.3381031458258877,-1.6953935645100497,3.2295844857707316,3.447318432943053,3.397137029451484,0.20782090991103536,0.13408291094104785,-0.08625361939784576,-0.2201824887172841,-1.1188728548370286
P2,0.25,29,0.8670964733720862,0.9370955029483563,0.8565591563073595,0.84798488364377,-0.9563392696160677,2.9855154623587365,3.268914334837704,3.1347371221866367,0.12413446422542734,0.09664026751596569,-0.023753848726102804,-0.042679414246595146,-1.1193229626339114
P2,0.25,30,0.5925488177417351,0.7193847540514333,0.6257519277356749,0.6620532825564197,-1.9687106497301703,2.5720994285299397,2.8491315776199317,2.7216723165972057,0.12284658386536064,0.14580653544394528,0.04581022657847826,0.10964116432233625,-1.541198790892141
P2,0.25,31,1.116295599042529,1.2536866682414867,1.0890509610114651,1.1864307858733973,-1.2824261462641526,2.584867900152388,2.818224559445908,2.7202652862204912,0.20323823772215802,0.1607916135380102,-0.037863186991320054,0.12057591276184008,-1.1700991552056008
P2,0.5,0,12.975289742668062,14.423059276886756,12.70843281435157,13.42356741008003,5.585171280842543,5.522689606625758,5.963972725033189,6.204326706642071,0.5152077158481556,0.38494927873421575,-0.11623500227564859,0.12413433239187682,-1.8662511348792366
P2,0.5,1,11.647296169929769,12.41886269700329,11.475656338903345,12.010974331169948,3.164478921903609,6.514692631589629,6.834427719482832,6.572165839840503,0.34081138239288244,0.24937682943696712,-0.07973268112061475,0.11033811955928878,-1.9256410821835368
P2,0.5,2,8.705456023887555,9.032185259069484,8.48094415066124,8.777266660682171,4.833476555513257,2.4924665318582426,2.0914380955887095,2.327930653220259,0.43157193650324993,0.24440344199850103,-0.24947744436305,0.052757832735380095,-2.0121827054433163
P2,0.5,3,7.627000617399013,8.159994934880988,7.494161011041115,7.888364883159079,4.650379127152753,2.1484833615465684,1.7249370344009645,1.9532219805896263,0.7737531340437843,0.5168500160516439,-0.21134538830563931,0.27083007786687807,-2.24678450588221
P2,0.5,4,8.956212314267068,9.399261697672273,8.71403557142043,9.126264027009677,7.12077637261122,1.750156540701916,1.6548233573784104,1.6991398244935463,1.1625116341772996,0.6471710064869978,-0.35948028581668257,0.23935774068826082,-1.8880952141875478
P2,0.5,5,5.892117920396432,6.097550939204798,5.6105815607532845,5.877410895016807,3.474176289580723,2.159369176721716,2.268371804757697,2.0802122951865303,0.5340165233952986,0.2578994934239359,-0.5155870535958237,-0.020244881900621473,-2.4724743680849106
P2,0.5,6,1.0335136947616692,0.9613847849276927,0.9386872449148296,0.9431256643794672,-0.07691398034089013,1.7010319282173407,1.6476315499573557,1.6847741203683397,0.09003654174488172,-0.24105659453410863,-0.3403123155318344,-0.3285651069023526,-3.067517169021539
P2,0.5,7,2.1076675748636076,2.1073802739460445,1.9578283832378456,2.0924702523358563,1.554396015478074,1.4013043468546174,1.4203007686934577,1.4278499435719816,0.5202553231506732,-0.0017390021846769275,-0.5351693658207857,-0.0965615459331721,-1.9846450744079827
P2,0.5,8,1.707096715113138,1.778301430432397,1.5337191535925614,1.7531989174824711,1.0765992791504693,0.7269860966736933,0.772296657441077,0.7564533174000375,0.9451937080172379,0.33091404991229567,-0.7460916169829619,0.21821426950697662,-1.8258908829930787
P2,0.5,9,-0.5059621404337719,-0.3417056783130935,-0.653175995362038,-0.4568366750561131,-0.8866013480807851,1.397905901850002,1.3923512086123073,1.438863130553176,1.019915656877239,0.7845302781337796,-0.5462597425904908,0.18458855158094672,-1.9066232248730783
P2,0.5,10,0.2284916410495664,0.26725242188912,0.11368501606346304,0.2266039108402742,-0.4476968494760947,1.0508534570711043,0.9251829145890326,1.099087101902175,0.3979010520017853,0.13257734155678344,-0.39521975591360353,-0.011030977512992602,-2.9116535365398377
P2,0.5,11,0.1946974426066195,0.2745902314071561,0.09592259625559639,0.20299939458507166,-0.10297522914352239,0.639303282998736,0.6391989379163047,0.6918853561848416,0.6424160101563476,0.4020981367495895,-0.3962321795114156,0.05700621954798991,-1.40900318818368
P2,0.5,12,-1.0292692901526541,-0.9275473844117708,-1.1361851266304857,-1.0303586437469385,-1.604220629204925,0.959614609326874,0.9291657646467033,1.0111039538752888,0.7968479813647127,0.5578004364684283,-0.43444687563065687,-0.006776064344749231,-2.989542124100729
P2,0.5,13,-0.7299902928079515,-0.6949727582231209,-0.8281252672641436,-0.792358236348471,-1.2322204363864142,0.9880109443311101,0.943676344492694,0.9849320473256878,0.6242856583479417,0.23390710336703754,-0.6487866405254946,-0.34167898086977555,-2.3419500613190225
P2,0.5,14,-0.8954427658989698,-0.8052029044395633,-0.9725606172906931,-0.9165182676468684,-1.1361552900308163,1.0540903044003034,0.9793128541763889,1.023220684188165,0.8188209784259403,0.50141913582336,-0.426599960439747,-0.10267269477865616,-0.9507835997333857
P2,0.5,15,-1.0746328729332282,-0.9760761992678304,-1.142658679018695,-1.1200263777191113,-1.4691023736199271,1.0861634973061014,1.0680869990095647,1.1061371817906156,0.9208965876865804,0.656587261072149,-0.42045569406534905,-0.19880519344151326,-1.417613632280045
P2,0.5,16,-1.7392257595730551,-1.6123374205995655,-1.7870380106275872,-1.76221885698486,-2.3324456608216755,1.0301487600571537,1.013279028547239,1.0835550580995108,0.9037841640956435,0.6895988505860592,-0.2595714935604136,-0.11044662457804709,-1.6426090978125276
P2,0.5,17,-1.253519353721082,-1.0795844630833673,-1.2688035473799704,-1.2281662217351044,-1.433600333007789,1.5588224006236513,1.5219603531783825,1.607194186258419,0.960371639520967,0.7900523176905591,-0.07388602028593615,0.08669832227698664,-0.7673614477037993
P2,0.5,18,-1.3445095703561347,-1.112585269803883,-1.3839203011978707,-1.3636776286200014,-1.4135738491772853,1.515065164373719,1.4704339401311912,1.4995814660452642,1.071396013418063,0.790581627244855,-0.14160692766548505,-0.05496786471127083,-0.19895174096889814
P2,0.5,19,-1.7564608422990997,-1.593756705545545,-1.8412249445613835,-1.7791052426566587,-2.008305977183118,1.4365931614598308,1.4333272692835162,1.4119250525550107,1.4448471402527576,0.8139836074323216,-0.4016127762269125,-0.09379629769077316,-0.9840538140504995
P2,0.5,20,-2.1620651767831314,-1.9554904497152006,-2.2399202900748714,-2.189012088010773,-2.35946855978765,2.725513954363117,2.71911529909153,2.724395294532123,1.0723951670527574,0.7279742966002003,-0.25347621064895604,-0.07167686820275657,-0.4347988119615511
P2,0.5,21,-1.8548559833482527,-1.6960592948318056,-1.9186181370764939,-1.8834126924819337,-1.8350740805247177,1.4617025190438016,1.4228129586215152,1.4595509645536622,1.2014976615210908,0.7521196933223062,-0.30234640187808604,-0.12820929199139341,0.056613225408661545
P2,0.5,22,-1.2359446356590997,-1.0290967434808114,-1.2781881915147255,-1.221544789231241,-1.1831309773308694,2.7542244035391983,2.755323960156237,2.72724638533587,1.0160334602187324,0.6391548234219221,-0.14688369741024926,0.04125929520955462,0.09706619847261308
P2,0.5,23,-0.4537974291250828,-0.2790923893146953,-0.49813789651870655,-0.4897494611299704,-0.7899150059133866,2.145173202458924,2.1622653348604763,2.1888762901897834,0.700358023134442,0.4264573055210852,-0.11928474232975445,-0.09272711753459839,-0.6178210857607696
P2,0.5,24,0.7122797012982265,0.9065154714602045,0.6739017424492616,0.6940976241790985,0.19246716411741133,2.2086449269727275,2.209717041758067,2.238932169777677,0.696942376669838,0.5321648851098567,-0.12372564423955637,-0.05357107016415014,-0.8519008342266745
P2,0.5,25,1.2059859309283358,1.4543708550687668,1.106412277719477,1.1544521669730812,0.27291604942053577,2.073709049323,2.099656146336864,2.0745212391688126,0.9927314177682386,0.6863421915734251,-0.262881198901394,-0.13681822293006612,-1.5798938627796857
P2,0.5,26,1.6591564304478854,1.868710123316707,1.5831584283480353,1.6895755234654555,0.8154150486751638,2.0715431881320963,2.1906504337328205,2.096588327654202,0.7426532674297681,0.5082112297368852,-0.20202105097964623,0.07487823734744319,-1.0079099182431257
P2,0.5,27,0.10975489167005961,0.3369743342375077,0.05028479754486015,0.01995592408482345,-1.32651632984302,3.8400740316281725,4.0190074905315125,3.886833157511426,0.6734980805283253,0.4441465970092321,-0.12852748106199935,-0.14767638055992455,-1.1016277128229628
P2,0.5,28,-0.23431185326379747,0.03943909578802325,-0.2148124636779491,-0.2861817253176821,-1.6953935645100497,3.2295844857707316,3.4331722325157505,3.3468712129091402,0.5444015553418938,0.5245237234024505,0.04018140816090185,-0.08572784265889691,-1.1188728548370286
P2,0.5,29,0.8670964733720862,1.0861934284578694,0.9354994479529342,0.8440682867253184,-0.9563392696160677,2.9855154623587365,3.2031141131139163,3.1226575411001725,0.28936344540790226,0.4030337794122844,0.16175095064716638,-0.04044959149757495,-1.1193229626339114
P2,0.5,30,0.5925488177417351,0.9080525424856827,0.7587549920855204,0.6238464410109862,-1.9687106497301703,2.5720994285299397,2.6812375551094028,2.624555415738477,0.2164656985447338,0.45087176464713674,0.2585652036847806,0.03847455541832184,-1.541198790892141
P2,0.5,31,1.116295599042529,1.3922221632988308,1.2501515296017787,1.1221909210284682,-1.2824261462641526,2.584867900152388,2.675846738326822,2.5645226567795403,0.20732430914448916,0.3794164360400682,0.21099971356376926,0.008288537169192632,-1.1700991552056008
