prefix_id,topic,probe,layer,E_readout,A_readout,diff_E_minus_A
NNNF|health|a|00,health,P1,11,1.5411650626695743,1.846262666871489,-0.3050976042019147
NNNF|health|a|00,health,P1,12,0.8847747277362782,1.084711872657589,-0.19993714492131087
NNNF|health|a|00,health,P1,13,1.5484837386437436,1.738115718753168,-0.1896319801094244
NNNF|health|a|00,health,P1,14,1.440029451482929,1.0591581687411984,0.38087128274173065
NNNF|health|a|00,health,P1,15,0.7899935539716559,0.802066629683558,-0.012073075711902082
NNNF|health|a|00,health,P1,16,1.4180512127680498,1.60390955348009,-0.18585834071204022
NNNF|health|a|00,health,P1,17,1.553649791610868,1.8240527282370427,-0.27040293662617465
NNNF|health|a|00,health,P1,18,0.5082009491513524,0.7879809040809,-0.27977995492954766
NNNF|health|a|00,health,P1,19,-0.2956779265712588,-0.00924627828696123,-0.28643164828429757
NNNF|health|a|00,health,P1,20,-0.22581273855255782,0.3570659356264524,-0.5828786741790102
NNNF|health|a|00,health,P1,21,0.29394398394427085,0.1253566451316901,0.16858733881258076
NNNF|health|a|00,health,P1,22,2.1207952693269725,1.6462664876099946,0.4745287817169779
NNNF|health|a|00,health,P1,23,1.627981422399884,1.6755402902836862,-0.04755886788380215
NNNF|health|a|00,health,P1,24,3.117023088649612,3.5765615906649884,-0.45953850201537616
NNNF|health|a|00,health,P1,25,3.6681524313033314,4.139512419430096,-0.4713599881267645
NNNF|health|a|00,health,P1,26,2.8813329478784047,3.721841736874616,-0.8405087889962113
NNNF|health|a|00,health,P1,27,3.03268733319384,3.8814818304360936,-0.8487944972422534
NNNF|health|a|00,health,P1,28,2.685025383797018,2.995786516014093,-0.3107611322170749
NNNF|health|a|00,health,P1,29,2.092950301725692,1.8955926497045528,0.1973576520211393
NNNF|health|b|00,health,P1,11,1.671132649364555,1.4674559288678812,0.20367672049667385
NNNF|health|b|00,health,P1,12,1.1262534274521654,0.7653716694013769,0.3608817580507885
NNNF|health|b|00,health,P1,13,1.5965454155087149,1.6869127439006126,-0.09036732839189776
NNNF|health|b|00,health,P1,14,1.5194678215771078,1.189876129871108,0.3295916917059998
NNNF|health|b|00,health,P1,15,0.7543933984629729,0.7209496165632322,0.03344378189974073
NNNF|health|b|00,health,P1,16,1.4904274635904295,1.4591991880269053,0.031228275563524255
NNNF|health|b|00,health,P1,17,1.6330385742266982,1.7287094485101302,-0.09567087428343202
NNNF|health|b|00,health,P1,18,0.5986501316181035,0.5173452525506428,0.08130487906746076
NNNF|health|b|00,health,P1,19,0.10682743060180988,0.18998871883414892,-0.08316128823233904
NNNF|health|b|00,health,P1,20,0.17662978111943525,0.7555808560719187,-0.5789510749524834
NNNF|health|b|00,health,P1,21,0.3972844959471573,0.7896525847464255,-0.3923680887992682
NNNF|health|b|00,health,P1,22,2.1915342134683606,1.9898398861650617,0.20169432730329895
NNNF|health|b|00,health,P1,23,1.72045077075318,2.0739330780208904,-0.35348230726771046
NNNF|health|b|00,health,P1,24,3.316518888831745,3.8037996385904735,-0.4872807497587286
NNNF|health|b|00,health,P1,25,3.7815978387174045,3.761663780520043,0.019934058197361715
NNNF|health|b|00,health,P1,26,3.000805288808403,3.3578752533751097,-0.3570699645667066
NNNF|health|b|00,health,P1,27,2.7895520728547814,3.0412155037936346,-0.25166343093885324
NNNF|health|b|00,health,P1,28,2.474248991609669,2.2428698901801014,0.2313791014295674
NNNF|health|b|00,health,P1,29,1.2444724505035838,0.6236949711740138,0.62077747932957
NNNF|tech_support|a|00,tech_support,P1,11,1.3435277983562248,1.7693905722003338,-0.425862773844109
NNNF|tech_support|a|00,tech_support,P1,12,1.0248787880688055,1.4767244121616594,-0.4518456240928539
NNNF|tech_support|a|00,tech_support,P1,13,2.0038056035454725,2.447727552243427,-0.4439219486979544
NNNF|tech_support|a|00,tech_support,P1,14,2.0051817803749077,1.9211346433525327,0.08404713702237498
NNNF|tech_support|a|00,tech_support,P1,15,1.333692135924443,1.3840097672919929,-0.050317631367549964
NNNF|tech_support|a|00,tech_support,P1,16,1.7028806360115198,1.7090600426814828,-0.006179406669962972
NNNF|tech_support|a|00,tech_support,P1,17,1.7182992106680062,1.5541501650723104,0.16414904559569576
NNNF|tech_support|a|00,tech_support,P1,18,0.5317963812343426,0.32646868194422207,0.2053276992901205
NNNF|tech_support|a|00,tech_support,P1,19,0.3377465334365963,0.27243536106624316,0.06531117237035311
NNNF|tech_support|a|00,tech_support,P1,20,0.5475605329948422,0.7065238316838952,-0.158963298689053
NNNF|tech_support|a|00,tech_support,P1,21,0.6893406556948745,0.161590692043933,0.5277499636509415
NNNF|tech_support|a|00,tech_support,P1,22,2.518619877422942,1.7835599997106468,0.7350598777122952
NNNF|tech_support|a|00,tech_support,P1,23,2.130270514051733,1.78366015655518,0.3466103574965531
NNNF|tech_support|a|00,tech_support,P1,24,4.090320693810035,3.777938590169381,0.3123821036406542
NNNF|tech_support|a|00,tech_support,P1,25,4.596992641589318,4.400545664764473,0.1964469768248449
NNNF|tech_support|a|00,tech_support,P1,26,4.059063510619012,3.960905342170083,0.09815816844892922
NNNF|tech_support|a|00,tech_support,P1,27,4.150322853508795,4.677029087529971,-0.5267062340211757
NNNF|tech_support|a|00,tech_support,P1,28,3.389070584363936,3.4496874686279058,-0.060616884263969606
NNNF|tech_support|a|00,tech_support,P1,29,2.2140002771316554,2.288439493884843,-0.07443921675318776
NNNF|tech_support|b|00,tech_support,P1,11,1.504028035952329,1.6579988916150135,-0.15397085566268442
NNNF|tech_support|b|00,tech_support,P1,12,0.7695386454944108,0.9613222525467201,-0.19178360705230935
NNNF|tech_support|b|00,tech_support,P1,13,1.5368951573353606,1.8461989930265923,-0.30930383569123165
NNNF|tech_support|b|00,tech_support,P1,14,1.2245639682893978,1.2183208172065803,0.0062431510828175885
NNNF|tech_support|b|00,tech_support,P1,15,0.5945811142964169,0.714105720560105,-0.1195246062636881
NNNF|tech_support|b|00,tech_support,P1,16,1.2462039066673407,1.3016036695616844,-0.055399762894343674
NNNF|tech_support|b|00,tech_support,P1,17,1.474085163693847,1.6789872237090213,-0.2049020600151743
NNNF|tech_support|b|00,tech_support,P1,18,0.5167237573366765,0.5731704210787891,-0.0564466637421126
NNNF|tech_support|b|00,tech_support,P1,19,0.1089634090241598,0.21609969117431505,-0.10713628215015525
NNNF|tech_support|b|00,tech_support,P1,20,0.17788426903040191,0.972703079123608,-0.7948188100932061
NNNF|tech_support|b|00,tech_support,P1,21,0.3540005115826638,0.5243646474626233,-0.17036413587995952
NNNF|tech_support|b|00,tech_support,P1,22,1.923047086400825,1.9873708877536027,-0.06432380135277782
NNNF|tech_support|b|00,tech_support,P1,23,1.525326942427157,2.164788468957693,-0.6394615265305359
NNNF|tech_support|b|00,tech_support,P1,24,3.432589374172091,4.470170148281735,-1.0375807741096437
NNNF|tech_support|b|00,tech_support,P1,25,3.809726909382155,4.858629865250698,-1.0489029558685434
NNNF|tech_support|b|00,tech_support,P1,26,3.2909263099188326,4.443573881758965,-1.1526475718401326
NNNF|tech_support|b|00,tech_support,P1,27,3.3546050643019036,4.6590103811627825,-1.304405316860879
NNNF|tech_support|b|00,tech_support,P1,28,2.859012342354329,3.712607788751717,-0.8535954463973878
NNNF|tech_support|b|00,tech_support,P1,29,2.0351436149885878,2.1550612348124587,-0.11991761982387095
NNNF|travel|a|00,travel,P1,11,1.5140532082940132,1.6460928912489123,-0.1320396829548991
NNNF|travel|a|00,travel,P1,12,1.1694530515945174,1.1725320438330709,-0.0030789922385534574
NNNF|travel|a|00,travel,P1,13,1.6275289676011535,1.840172713696154,-0.21264374609500059
NNNF|travel|a|00,travel,P1,14,1.8618883316740265,1.9202419464656533,-0.05835361479162682
NNNF|travel|a|00,travel,P1,15,0.9302273786291553,1.3160793868039746,-0.38585200817481935
NNNF|travel|a|00,travel,P1,16,1.498704132837719,1.8103186057628982,-0.3116144729251791
NNNF|travel|a|00,travel,P1,17,1.5235268043525343,1.841206920890683,-0.31768011653814865
NNNF|travel|a|00,travel,P1,18,0.5103998412335049,0.6801231376680941,-0.16972329643458917
NNNF|travel|a|00,travel,P1,19,0.21893206948935223,0.5916266054129383,-0.3726945359235861
NNNF|travel|a|00,travel,P1,20,0.6315482060142971,1.243632165684089,-0.6120839596697919
NNNF|travel|a|00,travel,P1,21,0.8317594287866381,1.06382323461841,-0.23206380583177189
NNNF|travel|a|00,travel,P1,22,1.4915824975626766,1.6840605321051458,-0.19247803454246926
NNNF|travel|a|00,travel,P1,23,1.124421245383918,1.8144899074533734,-0.6900686620694554
NNNF|travel|a|00,travel,P1,24,2.902778190556705,3.213008679636109,-0.31023048907940387
NNNF|travel|a|00,travel,P1,25,2.9749916266245156,3.0834860075403125,-0.108494380915797
NNNF|travel|a|00,travel,P1,26,2.3838544918936284,2.919412019383788,-0.5355575274901594
NNNF|travel|a|00,travel,P1,27,2.131199366402028,2.6612551738968864,-0.5300558074948585
NNNF|travel|a|00,travel,P1,28,1.7615523234378443,2.1032838030976198,-0.34173147965977546
NNNF|travel|a|00,travel,P1,29,0.691082930596512,0.9538205271265042,-0.2627375965299922
NNNF|work|a|00,work,P1,11,1.269258508834651,1.6249043262184832,-0.35564581738383216
NNNF|work|a|00,work,P1,12,0.9556709013823778,1.3881492893691365,-0.43247838798675875
NNNF|work|a|00,work,P1,13,1.7714530767943568,1.891540146202869,-0.1200870694085121
NNNF|work|a|00,work,P1,14,2.1924285724177475,2.3438887614969173,-0.1514601890791698
NNNF|work|a|00,work,P1,15,1.5580300488736851,1.6682499527102004,-0.11021990383651525
NNNF|work|a|00,work,P1,16,1.8757315699268986,1.87589499104129,-0.0001634211143914932
NNNF|work|a|00,work,P1,17,1.8888019062180152,1.9009913698769207,-0.012189463658905497
NNNF|work|a|00,work,P1,18,0.8909558182524233,0.8540225585889653,0.03693325966345806
NNNF|work|a|00,work,P1,19,0.5702518873532985,0.5867698598992033,-0.016517972545904813
NNNF|work|a|00,work,P1,20,0.8281879029678535,1.0475924842999516,-0.21940458133209806
NNNF|work|a|00,work,P1,21,1.212469573073362,0.846110079948615,0.3663594931247469
NNNF|work|a|00,work,P1,22,2.7350517924641293,2.4205269170269874,0.3145248754371419
NNNF|work|a|00,work,P1,23,2.5195397013113405,2.309227201017963,0.21031250029337745
NNNF|work|a|00,work,P1,24,4.265217829992933,4.239739952516934,0.025477877475998945
NNNF|work|a|00,work,P1,25,4.533631376362711,4.575760202490615,-0.04212882612790381
NNNF|work|a|00,work,P1,26,4.20400789426544,4.380803502324155,-0.17679560805871475
NNNF|work|a|00,work,P1,27,4.325520412148591,5.126879888624688,-0.8013594764760974
NNNF|work|a|00,work,P1,28,3.70861127068917,4.195153413108068,-0.48654214241889804
NNNF|work|a|00,work,P1,29,2.5363919361856455,2.849116137067466,-0.3127242008818203
NNNF|work|b|00,work,P1,11,1.2283272555177716,1.6228459822691406,-0.394518726751369
NNNF|work|b|00,work,P1,12,0.7469708819640086,1.0662860213005683,-0.31931513933655964
NNNF|work|b|00,work,P1,13,1.340144567662564,1.482757903527903,-0.14261333586533897
NNNF|work|b|00,work,P1,14,1.3594770246266326,1.2976663036770222,0.061810720949610376
NNNF|work|b|00,work,P1,15,0.7358885177529887,0.9223654582515667,-0.186476940498578
NNNF|work|b|00,work,P1,16,1.23055607342545,1.4496227919090037,-0.21906671848355375
NNNF|work|b|00,work,P1,17,1.1683446841020877,1.4424519192818133,-0.2741072351797256
NNNF|work|b|00,work,P1,18,0.10915502874427055,0.23413049861387483,-0.12497546986960428
NNNF|work|b|00,work,P1,19,-0.38661050936387775,-0.06363331742799044,-0.3229771919358873
NNNF|work|b|00,work,P1,20,-0.47195188827648993,-0.0693390131878073,-0.4026128750886826
NNNF|work|b|00,work,P1,21,-0.16359167978158945,-0.4838873009917279,0.32029562121013844
NNNF|work|b|00,work,P1,22,1.8584127438525626,0.8591519759718549,0.9992607678807077
NNNF|work|b|00,work,P1,23,1.2648562297630352,0.7787356160990384,0.48612061366399684
NNNF|work|b|00,work,P1,24,3.195411227048061,2.818733090485765,0.37667813656229576
NNNF|work|b|00,work,P1,25,3.841064090148929,3.322359969314569,0.5187041208343599
NNNF|work|b|00,work,P1,26,3.18028136122832,2.7696710046389037,0.41061035658941636
NNNF|work|b|00,work,P1,27,3.4845952451515196,3.395135818261449,0.08945942689007058
NNNF|work|b|00,work,P1,28,3.0009952910604434,2.515137963661579,0.4858573273988642
NNNF|work|b|00,work,P1,29,2.098198729528271,1.3113154088631576,0.7868833206651136
NNNF|health|a|01,health,P1,11,1.5388711914275008,1.7274523305006744,-0.18858113907317353
NNNF|health|a|01,health,P1,12,0.9218699906919464,0.99069625811055,-0.06882626741860354
NNNF|health|a|01,health,P1,13,1.5936628019868055,1.672215071125633,-0.0785522691388274
NNNF|health|a|01,health,P1,14,1.4644899909146478,1.0953764280131435,0.3691135629015043
NNNF|health|a|01,health,P1,15,0.6890232750974937,0.7070880290679316,-0.01806475397043783
NNNF|health|a|01,health,P1,16,1.3275052545832988,1.4249778655037968,-0.09747261092049797
NNNF|health|a|01,health,P1,17,1.5032569006854457,1.6541008453890755,-0.15084394470362983
NNNF|health|a|01,health,P1,18,0.5395110729278629,0.609537795556114,-0.07002672262825105
NNNF|health|a|01,health,P1,19,-0.3038278216267667,-0.29642585307720326,-0.007401968549563431
NNNF|health|a|01,health,P1,20,-0.19872827950273494,0.04747431778866504,-0.24620259729139998
NNNF|health|a|01,health,P1,21,0.17060891181984877,-0.1674838989011987,0.33809281072104747
NNNF|health|a|01,health,P1,22,1.8991140053148188,1.2845730790478727,0.6145409262669461
NNNF|health|a|01,health,P1,23,1.3804117191532717,1.447449878184274,-0.0670381590310023
NNNF|health|a|01,health,P1,24,3.0115791925265607,3.364816791418437,-0.3532375988918761
NNNF|health|a|01,health,P1,25,3.5389716267808606,3.8818977331544113,-0.3429261063735507
NNNF|health|a|01,health,P1,26,2.84678119478267,3.5145847588935824,-0.6678035641109124
NNNF|health|a|01,health,P1,27,3.1354330426928745,3.7155272167724203,-0.5800941740795458
NNNF|health|a|01,health,P1,28,2.7639274503978633,2.941196072921954,-0.1772686225240907
NNNF|health|a|01,health,P1,29,2.2389025566942373,1.8485813619942089,0.39032119470002846
NNNF|health|b|01,health,P1,11,1.8197923198425583,1.5900217036363662,0.2297706162061921
NNNF|health|b|01,health,P1,12,1.2462563877532014,0.873227553380311,0.37302883437289036
NNNF|health|b|01,health,P1,13,1.631039952839401,1.6296151994228874,0.0014247534165137132
NNNF|health|b|01,health,P1,14,1.4701271134143914,1.1949156663627778,0.2752114470516136
NNNF|health|b|01,health,P1,15,0.7820153636078985,0.8405321643042636,-0.05851680069636511
NNNF|health|b|01,health,P1,16,1.3428303791550906,1.4393787772685631,-0.09654839811347249
NNNF|health|b|01,health,P1,17,1.5231563336395224,1.6254744695781562,-0.10231813593863381
NNNF|health|b|01,health,P1,18,0.4042129066731259,0.5380847673413678,-0.13387186066824186
NNNF|health|b|01,health,P1,19,-0.02839555755822215,0.18571137385845027,-0.21410693141667242
NNNF|health|b|01,health,P1,20,0.2759204266043377,0.6475689646291437,-0.371648538024806
NNNF|health|b|01,health,P1,21,0.39797079163564003,0.6388776862998842,-0.24090689466424414
NNNF|health|b|01,health,P1,22,2.3560004250983537,1.5875107214059794,0.7684897036923743
NNNF|health|b|01,health,P1,23,1.8050301016047574,1.706448311180941,0.09858179042381643
NNNF|health|b|01,health,P1,24,3.562757889159506,3.443871736934866,0.11888615222463983
NNNF|health|b|01,health,P1,25,4.081014523139841,3.5126478333678044,0.568366689772037
NNNF|health|b|01,health,P1,26,3.2381866617936677,3.1827855178697515,0.05540114392391615
NNNF|health|b|01,health,P1,27,3.1723857007375433,3.0436902342900884,0.1286954664474549
NNNF|health|b|01,health,P1,28,2.8522201775207128,2.374015732147202,0.4782044453735108
NNNF|health|b|01,health,P1,29,1.9238540601292975,0.8286923383297368,1.0951617217995606
NNNF|tech_support|a|01,tech_support,P1,11,1.2079500088846065,1.7026852679076676,-0.49473525902306115
NNNF|tech_support|a|01,tech_support,P1,12,0.9032918704226824,1.4511040212424384,-0.547812150819756
NNNF|tech_support|a|01,tech_support,P1,13,1.8588788382340888,2.375539598795664,-0.5166607605615752
NNNF|tech_support|a|01,tech_support,P1,14,2.054451136732974,1.9964099361735377,0.0580412005594364
NNNF|tech_support|a|01,tech_support,P1,15,1.2513433257739635,1.2968644245523906,-0.04552109877842714
NNNF|tech_support|a|01,tech_support,P1,16,1.6698941160742637,1.8424795872762885,-0.17258547120202472
NNNF|tech_support|a|01,tech_support,P1,17,1.764902457018998,1.8042942959642978,-0.03939183894529985
NNNF|tech_support|a|01,tech_support,P1,18,0.5625946081991159,0.43786812940865183,0.12472647879046406
NNNF|tech_support|a|01,tech_support,P1,19,0.2582720809733534,0.4451987361926539,-0.18692665521930046
NNNF|tech_support|a|01,tech_support,P1,20,0.4848857276390689,0.9157866259903936,-0.4309008983513247
NNNF|tech_support|a|01,tech_support,P1,21,0.7702404320751661,0.3493062719562698,0.42093416011889634
NNNF|tech_support|a|01,tech_support,P1,22,2.5132453023793233,2.002922665970031,0.5103226364092923
NNNF|tech_support|a|01,tech_support,P1,23,2.0709502158229167,2.189879799439696,-0.11892958361677941
NNNF|tech_support|a|01,tech_support,P1,24,3.9364253835656924,4.225938000138578,-0.28951261657288585
NNNF|tech_support|a|01,tech_support,P1,25,4.327230471224104,4.573649747504801,-0.2464192762806965
NNNF|tech_support|a|01,tech_support,P1,26,3.7801054812606765,4.231193071710702,-0.4510875904500251
NNNF|tech_support|a|01,tech_support,P1,27,3.8215467977208704,4.590070660964513,-0.7685238632436429
NNNF|tech_support|a|01,tech_support,P1,28,3.2910078805594907,3.552016759704651,-0.26100887914516013
NNNF|tech_support|a|01,tech_support,P1,29,2.157657624498311,1.715444661717433,0.4422129627808782
NNNF|tech_support|b|01,tech_support,P1,11,1.3374294859362512,1.6341145494353122,-0.296685063499061
NNNF|tech_support|b|01,tech_support,P1,12,0.6649760266097855,0.9873115387060359,-0.32233551209625044
NNNF|tech_support|b|01,tech_support,P1,13,1.5626131787957007,1.7457386502205932,-0.18312547142489244
NNNF|tech_support|b|01,tech_support,P1,14,1.346475260870192,1.1673444607710703,0.17913080009912163
NNNF|tech_support|b|01,tech_support,P1,15,0.7928584186241727,0.759456293935467,0.03340212468870574
NNNF|tech_support|b|01,tech_support,P1,16,1.423504634721406,1.3599261209110147,0.06357851381039126
NNNF|tech_support|b|01,tech_support,P1,17,1.6801108995546556,1.683972336271821,-0.003861436717165434
NNNF|tech_support|b|01,tech_support,P1,18,0.5252560757815257,0.4689651944585218,0.05629088132300386
NNNF|tech_support|b|01,tech_support,P1,19,0.16961705378524963,0.2541286310925468,-0.08451157730729716
NNNF|tech_support|b|01,tech_support,P1,20,0.2844491156475992,0.611477243667374,-0.32702812801977477
NNNF|tech_support|b|01,tech_support,P1,21,0.4445806834589313,0.3865193208157038,0.05806136264322753
NNNF|tech_support|b|01,tech_support,P1,22,1.937427755744438,1.5416312932587184,0.39579646248571954
NNNF|tech_support|b|01,tech_support,P1,23,1.9305688951909346,1.7800375959888952,0.15053129920203934
NNNF|tech_support|b|01,tech_support,P1,24,4.038352906594566,4.172428217451486,-0.13407531085691993
NNNF|tech_support|b|01,tech_support,P1,25,4.371706720391446,4.468026316706791,-0.09631959631534492
NNNF|tech_support|b|01,tech_support,P1,26,3.830912663040827,4.090028914038216,-0.2591162509973892
NNNF|tech_support|b|01,tech_support,P1,27,3.9519388352834643,4.322404504927163,-0.37046566964369854
NNNF|tech_support|b|01,tech_support,P1,28,3.591989007942073,3.5574715121388363,0.03451749580323682
NNNF|tech_support|b|01,tech_support,P1,29,2.5494303341320763,1.8506303929864263,0.69879994114565
NNNF|travel|a|01,travel,P1,11,1.5354439751913387,1.636954520217178,-0.10151054502583934
NNNF|travel|a|01,travel,P1,12,0.9814601565027078,1.1581822240323325,-0.17672206752962472
NNNF|travel|a|01,travel,P1,13,1.5783080960828633,1.7563673569988598,-0.17805926091599655
NNNF|travel|a|01,travel,P1,14,1.6088463717268604,1.7874100213813642,-0.17856364965450378
NNNF|travel|a|01,travel,P1,15,1.0087654584547188,1.1262955101302174,-0.11753005167549868
NNNF|travel|a|01,travel,P1,16,1.5382768195675787,1.7296268477312995,-0.19135002816372082
NNNF|travel|a|01,travel,P1,17,1.5656426797889664,1.764383205567611,-0.19874052577864454
NNNF|travel|a|01,travel,P1,18,0.5241188877467345,0.5942750565430845,-0.07015616879635
NNNF|travel|a|01,travel,P1,19,0.027427477628156116,0.11206128245949354,-0.08463380483133742
NNNF|travel|a|01,travel,P1,20,0.3703093570601742,0.5123675810598878,-0.14205822399971357
NNNF|travel|a|01,travel,P1,21,0.5204884179639564,0.31796817547804884,0.20252024248590755
NNNF|travel|a|01,travel,P1,22,1.2264777206124329,1.15325213419812,0.07322558641431298
NNNF|travel|a|01,travel,P1,23,0.8931600717691847,1.3025653914084274,-0.40940531963924276
NNNF|travel|a|01,travel,P1,24,2.7334841812229826,3.1834368275391047,-0.4499526463161221
NNNF|travel|a|01,travel,P1,25,2.802059461692934,3.2660425981064196,-0.46398313641348565
NNNF|travel|a|01,travel,P1,26,2.497697087836504,3.1063789742417542,-0.6086818864052503
NNNF|travel|a|01,travel,P1,27,2.2794328543645963,3.2589725654859714,-0.9795397111213751
NNNF|travel|a|01,travel,P1,28,1.8831143563891948,2.66981740933892,-0.7867030529497254
NNNF|travel|a|01,travel,P1,29,1.0623331699792904,1.2574696464361543,-0.19513647645686394
NNNF|work|a|01,work,P1,11,1.4332979466846656,1.7068139511391416,-0.273516004454476
NNNF|work|a|01,work,P1,12,1.0778278918726216,1.534112405318743,-0.4562845134461213
NNNF|work|a|01,work,P1,13,1.8917520631131601,1.912653646754881,-0.02090158364172079
NNNF|work|a|01,work,P1,14,2.2810252913102427,2.3996897152049703,-0.11866442389472764
NNNF|work|a|01,work,P1,15,1.572528046564626,1.533988663620924,0.03853938294370218
NNNF|work|a|01,work,P1,16,1.929650759578497,1.7561377930192692,0.17351296655922788
NNNF|work|a|01,work,P1,17,1.8966199828134254,1.8502740116338292,0.04634597117959616
NNNF|work|a|01,work,P1,18,0.923070627062393,0.8248136777672674,0.09825694929512552
NNNF|work|a|01,work,P1,19,0.7991524914463981,0.9043840887865795,-0.1052315973401814
NNNF|work|a|01,work,P1,20,1.1602269745771547,1.2581024863653276,-0.09787551178817289
NNNF|work|a|01,work,P1,21,1.370545696386355,0.7595369674230799,0.6110087289632751
NNNF|work|a|01,work,P1,22,2.729424037223946,1.9496713676382176,0.7797526695857284
NNNF|work|a|01,work,P1,23,2.4166320971999933,1.8816127349818497,0.5350193622181436
NNNF|work|a|01,work,P1,24,4.316734594260808,4.117058321569158,0.1996762726916499
NNNF|work|a|01,work,P1,25,4.631099852701497,4.645797139370909,-0.014697286669412613
NNNF|work|a|01,work,P1,26,4.213715111638893,4.216444298847582,-0.002729187208688977
NNNF|work|a|01,work,P1,27,4.363520634856827,4.983419146695716,-0.6198985118388887
NNNF|work|a|01,work,P1,28,3.8167665014241483,4.0900941154130495,-0.27332761398890115
NNNF|work|a|01,work,P1,29,2.565740466898648,2.585097412268397,-0.019356945369748857
NNNF|work|b|01,work,P1,11,1.2986056123732972,1.5456437333578834,-0.24703812098458622
NNNF|work|b|01,work,P1,12,0.7457546540380257,0.952847928947753,-0.2070932749097274
NNNF|work|b|01,work,P1,13,1.3943742485769466,1.455142373671327,-0.06076812509438034
NNNF|work|b|01,work,P1,14,1.4584885660166218,1.2790755041809954,0.17941306183562644
NNNF|work|b|01,work,P1,15,0.7560679502282328,0.8743936707694264,-0.11832572054119361
NNNF|work|b|01,work,P1,16,1.2213798821717787,1.3384129138413492,-0.11703303166957046
NNNF|work|b|01,work,P1,17,1.217038231382138,1.3742315491911155,-0.1571933178089775
NNNF|work|b|01,work,P1,18,0.22460572919422386,0.26496539238907524,-0.040359663194851375
NNNF|work|b|01,work,P1,19,-0.3613296559402167,-0.13718464464151153,-0.22414501129870518
NNNF|work|b|01,work,P1,20,-0.16403748928282982,0.1930222271497225,-0.3570597164325523
NNNF|work|b|01,work,P1,21,0.08809654588878252,-0.16995998585446354,0.25805653174324605
NNNF|work|b|01,work,P1,22,2.0056346145812096,1.00771426365492,0.9979203509262897
NNNF|work|b|01,work,P1,23,1.476619487545219,1.0236597454199656,0.45295974212525336
NNNF|work|b|01,work,P1,24,3.404214048543858,3.1249799179581426,0.27923413058571533
NNNF|work|b|01,work,P1,25,4.06957222984361,3.6925470478468254,0.3770251819967845
NNNF|work|b|01,work,P1,26,3.3048305900886383,3.1418131127338755,0.1630174773547628
NNNF|work|b|01,work,P1,27,3.6486806708003376,3.6993384504634617,-0.050657779663124014
NNNF|work|b|01,work,P1,28,3.060384132042751,2.7816709901288887,0.2787131419138622
NNNF|work|b|01,work,P1,29,2.2035023155040876,1.59591204699729,0.6075902685067975
NNNF|health|a|02,health,P1,11,1.690997546597119,1.8249244069303439,-0.13392686033322487
NNNF|health|a|02,health,P1,12,1.1451561861058601,1.1284668144705328,0.016689371635327355
NNNF|health|a|02,health,P1,13,1.632140747524417,1.7522694800352439,-0.1201287325108269
NNNF|health|a|02,health,P1,14,1.3997682998091237,1.1070731964703513,0.29269510333877236
NNNF|health|a|02,health,P1,15,0.7435235328548254,0.8656696353721957,-0.12214610251737024
NNNF|health|a|02,health,P1,16,1.2349156493156355,1.5689900657569664,-0.33407441644133096
NNNF|health|a|02,health,P1,17,1.513627151176405,1.7415561191362106,-0.22792896795980555
NNNF|health|a|02,health,P1,18,0.45267658478248163,0.6788289028300128,-0.22615231804753122
NNNF|health|a|02,health,P1,19,-0.2840457550864244,-0.1484984543581478,-0.1355473007282766
NNNF|health|a|02,health,P1,20,-0.26383297806603445,-0.07545496429499787,-0.18837801377103658
NNNF|health|a|02,health,P1,21,0.11839606762682992,-0.2232169986060984,0.3416130662329283
NNNF|health|a|02,health,P1,22,1.942153695044534,1.2838830128232839,0.6582706822212501
NNNF|health|a|02,health,P1,23,1.4689854224810976,1.4423430302223366,0.026642392258761083
NNNF|health|a|02,health,P1,24,3.459654027917745,3.6462117771447438,-0.18655774922699875
NNNF|health|a|02,health,P1,25,3.944037173485426,4.034777126735252,-0.09073995324982587
NNNF|health|a|02,health,P1,26,3.3509683834868103,3.7857054178704796,-0.4347370343836694
NNNF|health|a|02,health,P1,27,3.4259309023259497,3.8422031898874343,-0.4162722875614846
NNNF|health|a|02,health,P1,28,3.078888885220455,2.9366491163530952,0.14223976886735956
NNNF|health|a|02,health,P1,29,2.3164022985568096,1.6799548923326755,0.6364474062241341
NNNF|health|b|02,health,P1,11,1.779169527758319,1.5589314058918808,0.2202381218664382
NNNF|health|b|02,health,P1,12,1.2566716774387992,0.9617756904484968,0.2948959869903024
NNNF|health|b|02,health,P1,13,1.5975482716831308,1.8408011029288234,-0.24325283124569252
NNNF|health|b|02,health,P1,14,1.4776896590221629,1.4631352424414918,0.014554416580671026
NNNF|health|b|02,health,P1,15,0.712116785031977,0.9649026985631463,-0.2527859135311693
NNNF|health|b|02,health,P1,16,1.3492732821826512,1.6234848832298845,-0.2742116010472333
NNNF|health|b|02,health,P1,17,1.5396061249336332,1.993005665457728,-0.4533995405240947
NNNF|health|b|02,health,P1,18,0.5471449396582043,0.6273504104786306,-0.08020547082042628
NNNF|health|b|02,health,P1,19,0.09658016685498044,0.5325723606835824,-0.43599219382860194
NNNF|health|b|02,health,P1,20,0.1123066526495978,1.010953813357673,-0.8986471607080752
NNNF|health|b|02,health,P1,21,0.387116926549945,0.762983515287798,-0.37586658873785295
NNNF|health|b|02,health,P1,22,2.066937551478051,1.711426070563858,0.35551148091419305
NNNF|health|b|02,health,P1,23,1.5290126978037544,1.8720460766882,-0.3430333788844455
NNNF|health|b|02,health,P1,24,3.20096838017581,3.666268117463622,-0.46529973728781204
NNNF|health|b|02,health,P1,25,3.6861512270587253,3.656337662627026,0.02981356443169947
NNNF|health|b|02,health,P1,26,2.835448953242884,3.3415184822589765,-0.5060695290160924
NNNF|health|b|02,health,P1,27,2.8716464621811553,2.9850070447300583,-0.11336058254890302
NNNF|health|b|02,health,P1,28,2.591831306311101,2.412534515547805,0.17929679076329608
NNNF|health|b|02,health,P1,29,1.6247954850261397,0.7102030892682704,0.9145923957578693
NNNF|tech_support|a|02,tech_support,P1,11,1.207839529863359,1.6600671054290943,-0.45222757556573523
NNNF|tech_support|a|02,tech_support,P1,12,0.9398000149553853,1.453057512983952,-0.5132574980285667
NNNF|tech_support|a|02,tech_support,P1,13,1.9162551943381478,2.2428642991931405,-0.3266091048549926
NNNF|tech_support|a|02,tech_support,P1,14,2.065202204986536,1.9201374137494551,0.14506479123708083
NNNF|tech_support|a|02,tech_support,P1,15,1.286051440084894,1.2132763696734776,0.07277507041141629
NNNF|tech_support|a|02,tech_support,P1,16,1.6384736544533178,1.3814427639281708,0.25703089052514705
NNNF|tech_support|a|02,tech_support,P1,17,1.6093900949421507,1.303168517291965,0.30622157765018576
NNNF|tech_support|a|02,tech_support,P1,18,0.5719956675221625,0.17327039244539766,0.3987252750767648
NNNF|tech_support|a|02,tech_support,P1,19,0.08522612909080551,-0.21970040041620942,0.30492652950701493
NNNF|tech_support|a|02,tech_support,P1,20,0.4520295328614885,0.09396364620582404,0.35806588665566447
NNNF|tech_support|a|02,tech_support,P1,21,0.6872062567378974,-0.3524255526830637,1.0396318094209611
NNNF|tech_support|a|02,tech_support,P1,22,2.3896808028500507,1.53945025708938,0.8502305457606707
NNNF|tech_support|a|02,tech_support,P1,23,1.9325525035847622,1.6135245735223238,0.31902793006243835
NNNF|tech_support|a|02,tech_support,P1,24,3.6909267784752076,3.857350227707928,-0.16642344923272034
NNNF|tech_support|a|02,tech_support,P1,25,4.107219720825549,4.496797326295854,-0.38957760547030507
NNNF|tech_support|a|02,tech_support,P1,26,3.5444573472324663,3.8826919244561267,-0.33823457722366035
NNNF|tech_support|a|02,tech_support,P1,27,3.7558429338088573,4.75887279485129,-1.0030298610424326
NNNF|tech_support|a|02,tech_support,P1,28,3.380120336051994,3.8022586501157076,-0.4221383140637136
NNNF|tech_support|a|02,tech_support,P1,29,2.2308890195510815,2.30880644150259,-0.07791742195150864
NNNF|tech_support|b|02,tech_support,P1,11,1.5075704370309873,1.7100452752773587,-0.20247483824637147
NNNF|tech_support|b|02,tech_support,P1,12,0.7885542074471831,0.9428681233015734,-0.15431391585439036
NNNF|tech_support|b|02,tech_support,P1,13,1.5241767047540415,1.8304592704392337,-0.3062825656851922
NNNF|tech_support|b|02,tech_support,P1,14,1.1943510369430232,1.192412213159352,0.001938823783671273
NNNF|tech_support|b|02,tech_support,P1,15,0.5817854102987422,0.8667095171929841,-0.28492410689424186
NNNF|tech_support|b|02,tech_support,P1,16,1.2365123981174766,1.517329329608112,-0.28081693149063547
NNNF|tech_support|b|02,tech_support,P1,17,1.4223166149712707,1.6974939611591553,-0.2751773461878846
NNNF|tech_support|b|02,tech_support,P1,18,0.4463021092580458,0.5743520434633616,-0.12804993420531574
NNNF|tech_support|b|02,tech_support,P1,19,-0.09658790989572075,0.1099259515689911,-0.20651386146471185
NNNF|tech_support|b|02,tech_support,P1,20,-0.13359755482416985,0.2779963314838869,-0.41159388630805677
NNNF|tech_support|b|02,tech_support,P1,21,0.13822604502652114,0.06567370482000018,0.07255234020652096
NNNF|tech_support|b|02,tech_support,P1,22,1.8039563506821534,1.5833454865893568,0.22061086409279662
NNNF|tech_support|b|02,tech_support,P1,23,1.5512424636399762,1.9187298259377374,-0.36748736229776124
NNNF|tech_support|b|02,tech_support,P1,24,3.4191565544342946,4.063266356143101,-0.6441098017088067
NNNF|tech_support|b|02,tech_support,P1,25,3.853678398584141,4.3119095988663805,-0.4582312002822393
NNNF|tech_support|b|02,tech_support,P1,26,3.234692718142575,4.150189705460144,-0.9154969873175687
NNNF|tech_support|b|02,tech_support,P1,27,3.2220773779249594,4.240402068969249,-1.01832469104429
NNNF|tech_support|b|02,tech_support,P1,28,2.9836505875795427,3.5159527639509025,-0.5323021763713598
NNNF|tech_support|b|02,tech_support,P1,29,2.333570456832864,2.1610741707223142,0.17249628611054968
NNNF|travel|a|02,travel,P1,11,1.5353640243252245,1.7573211124537753,-0.22195708812855086
NNNF|travel|a|02,travel,P1,12,1.064046700613014,1.3755160085165117,-0.3114693079034976
NNNF|travel|a|02,travel,P1,13,1.6814534857163188,1.867002956861357,-0.18554947114503828
NNNF|travel|a|02,travel,P1,14,1.7976162401579017,2.034485861649628,-0.23686962149172652
NNNF|travel|a|02,travel,P1,15,1.1841262162518476,1.4132170318231518,-0.22909081557130428
NNNF|travel|a|02,travel,P1,16,1.7054926116444213,1.958869552931282,-0.2533769412868607
NNNF|travel|a|02,travel,P1,17,1.7676807564449946,1.9456643138969945,-0.1779835574519999
NNNF|travel|a|02,travel,P1,18,0.7412462579499891,0.734482862197109,0.006763395752880097
NNNF|travel|a|02,travel,P1,19,0.5768379859256731,0.5837107296352106,-0.006872743709537499
NNNF|travel|a|02,travel,P1,20,0.9721994903995187,0.845527971658664,0.1266715187408547
NNNF|travel|a|02,travel,P1,21,0.9379118891747835,0.6221344374025257,0.3157774517722578
NNNF|travel|a|02,travel,P1,22,1.3240425886413092,0.7587682126366059,0.5652743760047033
NNNF|travel|a|02,travel,P1,23,1.2121023542958684,0.9608127922291134,0.251289562066755
NNNF|travel|a|02,travel,P1,24,2.908101831579219,2.600015786268704,0.3080860453105152
NNNF|travel|a|02,travel,P1,25,2.8629605234375926,2.4789736059347547,0.38398691750283787
NNNF|travel|a|02,travel,P1,26,2.5088510342575643,2.2518961464228155,0.25695488783474874
NNNF|travel|a|02,travel,P1,27,2.4100746044170824,2.4704717048951426,-0.06039710047806013
NNNF|travel|a|02,travel,P1,28,2.0995281733939524,1.9809228376098755,0.11860533578407684
NNNF|travel|a|02,travel,P1,29,0.9919054632581048,0.5100029446424802,0.4819025186156246
NNNF|work|a|02,work,P1,11,1.4074324406997905,1.8613023093615013,-0.45386986866171086
NNNF|work|a|02,work,P1,12,1.1077707932401268,1.5274035989009405,-0.4196328056608136
NNNF|work|a|02,work,P1,13,1.9135844834808227,2.102053405806161,-0.18846892232533818
NNNF|work|a|02,work,P1,14,2.175027083936726,2.4798230187483163,-0.3047959348115903
NNNF|work|a|02,work,P1,15,1.4824400664404154,1.8162611677723324,-0.333821101331917
NNNF|work|a|02,work,P1,16,1.9001309865970106,2.039395790237944,-0.1392648036409332
NNNF|work|a|02,work,P1,17,1.869971332569404,1.9892574868982043,-0.11928615432880019
NNNF|work|a|02,work,P1,18,0.7864916374304665,0.7670225024788433,0.019469134951623168
NNNF|work|a|02,work,P1,19,0.5986798399790039,0.7437015495996537,-0.14502170962064986
NNNF|work|a|02,work,P1,20,0.8623099548129814,1.0404805080806367,-0.1781705532676553
NNNF|work|a|02,work,P1,21,1.0970675769518852,0.6119659933644936,0.4851015835873915
NNNF|work|a|02,work,P1,22,2.573631010532313,2.436934185935863,0.13669682459644994
NNNF|work|a|02,work,P1,23,2.2548937587022886,2.1643205007976674,0.09057325790462123
NNNF|work|a|02,work,P1,24,4.1237844636854275,4.158957650154615,-0.0351731864691871
NNNF|work|a|02,work,P1,25,4.496405679217963,4.670655138471916,-0.17424945925395274
NNNF|work|a|02,work,P1,26,4.15204060077395,4.496031401131196,-0.34399080035724605
NNNF|work|a|02,work,P1,27,4.350160878566817,5.323729597388343,-0.9735687188215261
NNNF|work|a|02,work,P1,28,3.762407640339569,4.437089027611635,-0.6746813872720661
NNNF|work|a|02,work,P1,29,2.4080180259643114,2.895799887796231,-0.4877818618319196
NNNF|health|a|00,health,P2,11,-0.19368656928259542,0.07404350774810962,-0.26773007703070506
NNNF|health|a|00,health,P2,12,-2.1383096229122773,-2.005653605705721,-0.1326560172065565
NNNF|health|a|00,health,P2,13,-1.8943939058241195,-1.6679121027105588,-0.2264818031135607
NNNF|health|a|00,health,P2,14,-1.4658046989227156,-1.5784170108398803,0.1126123119171647
NNNF|health|a|00,health,P2,15,-1.538403249255873,-1.789129947473153,0.25072669821728
NNNF|health|a|00,health,P2,16,-2.783623316089189,-2.6094359619298904,-0.17418735415929865
NNNF|health|a|00,health,P2,17,-1.2103151111263841,-1.2739550933251036,0.06363998219871947
NNNF|health|a|00,health,P2,18,-1.7743693659009336,-1.853382269543813,0.07901290364287927
NNNF|health|a|00,health,P2,19,-2.126859632824896,-2.0367308221286553,-0.09012881069624079
NNNF|health|a|00,health,P2,20,-1.1682333960313238,-1.3419866088659047,0.1737532128345809
NNNF|health|a|00,health,P2,21,-1.1762677094721834,-1.6119752682855262,0.4357075588133428
NNNF|health|a|00,health,P2,22,-0.47474592423445494,-1.1388206721021648,0.6640747478677098
NNNF|health|a|00,health,P2,23,-0.9262198691770644,-1.2604799327919511,0.3342600636148867
NNNF|health|a|00,health,P2,24,0.7406085380995856,0.5865376625816932,0.15407087551789245
NNNF|health|a|00,health,P2,25,0.5895226751247348,1.0268457623618104,-0.4373230872370756
NNNF|health|a|00,health,P2,26,1.9125211615634385,2.1488080147330195,-0.23628685316958098
NNNF|health|a|00,health,P2,27,0.9662328474597355,0.9846356386187672,-0.01840279115903176
NNNF|health|a|00,health,P2,28,0.6326159314861813,0.6444047827096003,-0.011788851223418995
NNNF|health|a|00,health,P2,29,2.880413351599182,2.6093927639958783,0.27102058760330383
NNNF|health|b|00,health,P2,11,0.5289262006448598,0.6733092096435535,-0.1443830089986936
NNNF|health|b|00,health,P2,12,-1.3846997742370917,-1.4094290995630454,0.024729325325953733
NNNF|health|b|00,health,P2,13,-1.5907157348938397,-1.4366825175587887,-0.15403321733505093
NNNF|health|b|00,health,P2,14,-1.0548912232837437,-1.0965362314969083,0.041645008213164525
NNNF|health|b|00,health,P2,15,-1.1675380669224653,-1.2618544466617199,0.09431637973925455
NNNF|health|b|00,health,P2,16,-2.238260238110987,-1.834677887832372,-0.4035823502786149
NNNF|health|b|00,health,P2,17,-0.8035332137231824,-0.7843155153047784,-0.01921769841840404
NNNF|health|b|00,health,P2,18,-1.1712738583514322,-1.2454399081049043,0.07416604975347219
NNNF|health|b|00,health,P2,19,-1.7111646900446704,-1.5797393938895659,-0.13142529615510457
NNNF|health|b|00,health,P2,20,-1.0708463039498022,-1.24798894191379,0.17714263796398777
NNNF|health|b|00,health,P2,21,-1.2529142432986884,-1.215695631037472,-0.037218612261216366
NNNF|health|b|00,health,P2,22,-0.642565602276678,-1.2005756761652293,0.5580100738885513
NNNF|health|b|00,health,P2,23,-0.6581152593905275,-0.7634760883466543,0.10536082895612675
NNNF|health|b|00,health,P2,24,0.989333920118224,0.7575377101065679,0.23179621001165607
NNNF|health|b|00,health,P2,25,0.7494644722986924,0.8054494451738335,-0.05598497287514115
NNNF|health|b|00,health,P2,26,2.2137420805297583,1.845315228568405,0.3684268519613534
NNNF|health|b|00,health,P2,27,1.097376747870034,0.26422779214844183,0.8331489557215922
NNNF|health|b|00,health,P2,28,0.764647303588796,0.3470604861782576,0.4175868174105384
NNNF|health|b|00,health,P2,29,2.904885964701785,2.168596613328384,0.7362893513734008
NNNF|tech_support|a|00,tech_support,P2,11,-0.2466765447031647,0.23135377867299622,-0.4780303233761609
NNNF|tech_support|a|00,tech_support,P2,12,-1.7820521924413952,-1.197967354225471,-0.5840848382159243
NNNF|tech_support|a|00,tech_support,P2,13,-2.017240887243743,-1.3972529878450728,-0.6199878993986703
NNNF|tech_support|a|00,tech_support,P2,14,-2.066057190378671,-1.8344796162126684,-0.23157757416600244
NNNF|tech_support|a|00,tech_support,P2,15,-2.441098396835496,-1.744415263683136,-0.6966831331523597
NNNF|tech_support|a|00,tech_support,P2,16,-3.326777103609307,-2.4022615128783005,-0.9245155907310063
NNNF|tech_support|a|00,tech_support,P2,17,-3.713248524493192,-3.354193702439885,-0.3590548220533072
NNNF|tech_support|a|00,tech_support,P2,18,-3.4496856681748977,-3.316050839346562,-0.13363482882833555
NNNF|tech_support|a|00,tech_support,P2,19,-4.085325173070912,-3.7812647128674777,-0.3040604602034347
NNNF|tech_support|a|00,tech_support,P2,20,-6.937708919806612,-6.609664862514872,-0.3280440572917396
NNNF|tech_support|a|00,tech_support,P2,21,-3.951117932384746,-4.081904573066777,0.13078664068203105
NNNF|tech_support|a|00,tech_support,P2,22,-4.9983973818784335,-5.1769122666340825,0.17851488475564903
NNNF|tech_support|a|00,tech_support,P2,23,-3.522357886976311,-3.361037097549826,-0.16132078942648498
NNNF|tech_support|a|00,tech_support,P2,24,-2.913969659114266,-2.550743480454262,-0.3632261786600042
NNNF|tech_support|a|00,tech_support,P2,25,-2.528874254412253,-1.7050566167769488,-0.8238176376353044
NNNF|tech_support|a|00,tech_support,P2,26,-2.2387938560962097,-1.5868607389465978,-0.6519331171496119
NNNF|tech_support|a|00,tech_support,P2,27,-7.649905410672639,-5.831884323595378,-1.8180210870772617
NNNF|tech_support|a|00,tech_support,P2,28,-7.793121865019297,-5.2736084779284775,-2.5195133870908197
NNNF|tech_support|a|00,tech_support,P2,29,-6.9006962619210865,-3.7278423143498527,-3.172853947571234
NNNF|tech_support|b|00,tech_support,P2,11,-0.7712105994161297,-0.7976080331924338,0.026397433776304102
NNNF|tech_support|b|00,tech_support,P2,12,-2.1123198401401333,-1.8758723489084812,-0.2364474912316521
NNNF|tech_support|b|00,tech_support,P2,13,-1.8838491035254652,-1.6258648744665072,-0.257984229058958
NNNF|tech_support|b|00,tech_support,P2,14,-2.4696471728130267,-2.2783864079663303,-0.1912607648466964
NNNF|tech_support|b|00,tech_support,P2,15,-2.9717391409260974,-2.6577745264772212,-0.31396461444887613
NNNF|tech_support|b|00,tech_support,P2,16,-4.092631491973442,-3.3049349231688296,-0.7876965688046127
NNNF|tech_support|b|00,tech_support,P2,17,-3.9122682299058145,-3.474450257744634,-0.43781797216118035
NNNF|tech_support|b|00,tech_support,P2,18,-3.8523272989760335,-3.2058030307674534,-0.6465242682085801
NNNF|tech_support|b|00,tech_support,P2,19,-4.160016153843137,-3.360600023008851,-0.799416130834286
NNNF|tech_support|b|00,tech_support,P2,20,-7.128227987355814,-5.275957561825805,-1.8522704255300084
NNNF|tech_support|b|00,tech_support,P2,21,-4.363143903453192,-3.6294073951553005,-0.7337365082978917
NNNF|tech_support|b|00,tech_support,P2,22,-5.298412659358149,-4.306990032728516,-0.9914226266296335
NNNF|tech_support|b|00,tech_support,P2,23,-4.112852662636611,-2.6401093325556677,-1.472743330080943
NNNF|tech_support|b|00,tech_support,P2,24,-3.406452509999211,-1.8028177798922005,-1.6036347301070106
NNNF|tech_support|b|00,tech_support,P2,25,-2.864291999815921,-1.1261077578986294,-1.7381842419172915
NNNF|tech_support|b|00,tech_support,P2,26,-2.8447396310582076,-0.8429976341418256,-2.001741996916382
NNNF|tech_support|b|00,tech_support,P2,27,-7.581052206441939,-4.416137796378903,-3.1649144100630355
NNNF|tech_support|b|00,tech_support,P2,28,-7.6752896845754695,-4.372122970004539,-3.3031667145709305
NNNF|tech_support|b|00,tech_support,P2,29,-6.2351169346446085,-3.1047900087344806,-3.130326925910128
NNNF|travel|a|00,travel,P2,11,0.9156341833247488,1.1894067722188209,-0.2737725888940721
NNNF|travel|a|00,travel,P2,12,0.584142092474238,1.0353568797601649,-0.4512147872859269
NNNF|travel|a|00,travel,P2,13,0.481410642858298,1.0075093627796254,-0.5260987199213274
NNNF|travel|a|00,travel,P2,14,-0.32403174145808045,0.5753492312758337,-0.8993809727339142
NNNF|travel|a|00,travel,P2,15,-0.3501340904421345,0.41009611199591733,-0.7602302024380518
NNNF|travel|a|00,travel,P2,16,-1.5256272276913319,-0.609619544212892,-0.9160076834784399
NNNF|travel|a|00,travel,P2,17,0.09021523661315468,0.687188230225589,-0.5969729936124343
NNNF|travel|a|00,travel,P2,18,0.14816036879947345,0.8162901114763796,-0.6681297426769062
NNNF|travel|a|00,travel,P2,19,-0.56986614918271,-0.05024117237450714,-0.5196249768082029
NNNF|travel|a|00,travel,P2,20,-0.8340620009253745,-0.33351300018382823,-0.5005490007415463
NNNF|travel|a|00,travel,P2,21,-0.9590006528252982,-0.5892108921167423,-0.36978976070855596
NNNF|travel|a|00,travel,P2,22,0.2005546465590122,0.7024653348532418,-0.5019106882942296
NNNF|travel|a|00,travel,P2,23,1.114116540661758,1.8143117505566415,-0.7001952098948836
NNNF|travel|a|00,travel,P2,24,2.068247905309592,2.8765124608893804,-0.8082645555797883
NNNF|travel|a|00,travel,P2,25,2.57367511828911,3.2561637304610245,-0.6824886121719143
NNNF|travel|a|00,travel,P2,26,2.8627007704131873,3.5546213991373903,-0.691920628724203
NNNF|travel|a|00,travel,P2,27,0.9434227358157231,1.4313679867690696,-0.4879452509533465
NNNF|travel|a|00,travel,P2,28,1.467069734558922,1.7454761237222796,-0.27840638916335747
NNNF|travel|a|00,travel,P2,29,0.8598564123760738,1.3178256770207284,-0.4579692646446546
NNNF|work|a|00,work,P2,11,-0.15812888517992615,-0.26129464692969917,0.10316576174977302
NNNF|work|a|00,work,P2,12,-1.5753077737519403,-1.1988234650548146,-0.3764843086971257
NNNF|work|a|00,work,P2,13,-0.7096376331100603,-0.37970209457374143,-0.3299355385363189
NNNF|work|a|00,work,P2,14,0.05058730001757095,0.14764615768277267,-0.09705885766520173
NNNF|work|a|00,work,P2,15,-0.2978230681372704,-0.01570825870431219,-0.2821148094329582
NNNF|work|a|00,work,P2,16,-0.6742100517040349,-0.6990092502443112,0.024799198540276235
NNNF|work|a|00,work,P2,17,-0.07013744845508466,0.07405219038489078,-0.14418963883997543
NNNF|work|a|00,work,P2,18,-0.1897880143718045,-0.22212851687319102,0.03234050250138651
NNNF|work|a|00,work,P2,19,-1.045224603493676,-0.9008232206841934,-0.14440138280948267
NNNF|work|a|00,work,P2,20,-0.3939812677230212,-0.19902776395572122,-0.1949535037673
NNNF|work|a|00,work,P2,21,-0.9103908019046534,-0.9438468767213144,0.03345607481666102
NNNF|work|a|00,work,P2,22,1.260961655612489,1.720771772489374,-0.4598101168768851
NNNF|work|a|00,work,P2,23,1.3402028872159466,1.8596650853125294,-0.5194621980965828
NNNF|work|a|00,work,P2,24,2.1063983494427423,2.871679343369253,-0.7652809939265106
NNNF|work|a|00,work,P2,25,1.9466613418449525,3.038170293175651,-1.0915089513306984
NNNF|work|a|00,work,P2,26,2.1806044609160535,3.3668455070766163,-1.1862410461605628
NNNF|work|a|00,work,P2,27,2.477675919134038,4.962003791198025,-2.4843278720639868
NNNF|work|a|00,work,P2,28,1.0881022046985618,3.0389456556206795,-1.9508434509221177
NNNF|work|a|00,work,P2,29,1.443043624268272,3.7044723250157894,-2.2614287007475173
NNNF|work|b|00,work,P2,11,-0.04644009457216236,0.16414484352983966,-0.21058493810200202
NNNF|work|b|00,work,P2,12,-1.3705249466390281,-0.6211332361741568,-0.7493917104648713
NNNF|work|b|00,work,P2,13,-0.79064079774544,0.11981944450831027,-0.9104602422537503
NNNF|work|b|00,work,P2,14,-0.45829476263926877,-0.17332024383476907,-0.2849745188044997
NNNF|work|b|00,work,P2,15,-0.7204016460766317,-0.49051466031130775,-0.22988698576532396
NNNF|work|b|00,work,P2,16,-0.9439893868345639,-0.8228498405165025,-0.12113954631806145
NNNF|work|b|00,work,P2,17,-0.5813650840892677,-0.4145257886605975,-0.16683929542867015
NNNF|work|b|00,work,P2,18,-0.6095206380507155,-0.43311245471025117,-0.17640818334046438
NNNF|work|b|00,work,P2,19,-0.863157343511932,-0.588156364279905,-0.27500097923202693
NNNF|work|b|00,work,P2,20,0.40931293760239046,0.5482695686709058,-0.13895663106851536
NNNF|work|b|00,work,P2,21,-0.6669464168836243,-0.4557419797020272,-0.21120443718159715
NNNF|work|b|00,work,P2,22,2.0958117085197405,1.8940748148077173,0.2017368937120232
NNNF|work|b|00,work,P2,23,1.2371409825322461,1.4408442416754854,-0.20370325914323928
NNNF|work|b|00,work,P2,24,2.0332704363298224,2.465644905663893,-0.43237446933407053
NNNF|work|b|00,work,P2,25,2.2419033355674416,2.858424762986912,-0.6165214274194706
NNNF|work|b|00,work,P2,26,2.199644399683321,2.834909384315343,-0.635264984632022
NNNF|work|b|00,work,P2,27,3.058894568910165,3.8270770591105516,-0.7681824902003864
NNNF|work|b|00,work,P2,28,1.309503986935312,2.215351721305283,-0.9058477343699711
NNNF|work|b|00,work,P2,29,1.1886387129388396,2.777089235704328,-1.5884505227654886
NNNF|health|a|01,health,P2,11,-0.2184172434934074,-0.31199048967892706,0.09357324618551965
NNNF|health|a|01,health,P2,12,-2.303237660864225,-2.320164154855487,0.016926493991262337
NNNF|health|a|01,health,P2,13,-2.011210089278754,-1.694446189455743,-0.3167638998230109
NNNF|health|a|01,health,P2,14,-1.5355213737977491,-1.6371089575906643,0.10158758379291521
NNNF|health|a|01,health,P2,15,-1.6456473409905974,-1.8673274814128795,0.22168014042228212
NNNF|health|a|01,health,P2,16,-2.863372129578713,-2.728496544962556,-0.13487558461615734
NNNF|health|a|01,health,P2,17,-1.423511127400705,-1.36782493021285,-0.05568619718785506
NNNF|health|a|01,health,P2,18,-1.7929439563465264,-1.8125653991727002,0.01962144282617384
NNNF|health|a|01,health,P2,19,-2.198743299198075,-2.0662338084290566,-0.13250949076901852
NNNF|health|a|01,health,P2,20,-1.3373942918425932,-1.4392334867385914,0.10183919489599824
NNNF|health|a|01,health,P2,21,-1.3412772981785817,-1.7358513936992144,0.3945740955206327
NNNF|health|a|01,health,P2,22,-0.7840862073004665,-1.2183704188551525,0.434284211554686
NNNF|health|a|01,health,P2,23,-1.1192343713340485,-1.0973693817347583,-0.021864989599290174
NNNF|health|a|01,health,P2,24,0.6774868758884813,0.7321781839802425,-0.05469130809176115
NNNF|health|a|01,health,P2,25,0.5672943801961746,1.3086564066519186,-0.741362026455744
NNNF|health|a|01,health,P2,26,1.999112454708233,2.3986820885159563,-0.39956963380772326
NNNF|health|a|01,health,P2,27,1.0215918316203705,1.3141809886015927,-0.29258915698122223
NNNF|health|a|01,health,P2,28,0.6747666052200952,0.8128859105913117,-0.13811930537121642
NNNF|health|a|01,health,P2,29,3.059697278267603,3.1403889926603887,-0.08069171439278566
NNNF|health|b|01,health,P2,11,0.9327022568271391,0.9979628353827082,-0.0652605785555691
NNNF|health|b|01,health,P2,12,-0.9602463683806386,-1.0656431989122654,0.10539683053162685
NNNF|health|b|01,health,P2,13,-1.2259402018491954,-0.9495151637917165,-0.27642503805747887
NNNF|health|b|01,health,P2,14,-0.8202297900574849,-0.942108317619448,0.12187852756196316
NNNF|health|b|01,health,P2,15,-1.0251512407182457,-1.1673993399932903,0.14224809927504456
NNNF|health|b|01,health,P2,16,-2.139576565269167,-1.7699403725074512,-0.3696361927617158
NNNF|health|b|01,health,P2,17,-0.940690796266098,-1.011793914803114,0.07110311853701612
NNNF|health|b|01,health,P2,18,-1.361298671339487,-1.3926375459931986,0.031338874653711546
NNNF|health|b|01,health,P2,19,-1.6914824507169441,-1.6535311454197277,-0.037951305297216464
NNNF|health|b|01,health,P2,20,-1.0637559292613226,-1.2541290999506258,0.19037317068930326
NNNF|health|b|01,health,P2,21,-1.1842619239113696,-1.2677350064477542,0.08347308253638452
NNNF|health|b|01,health,P2,22,-0.45578806230995433,-1.210841058326761,0.7550529960168066
NNNF|health|b|01,health,P2,23,-0.4866711508475494,-0.8952776747118775,0.40860652386432805
NNNF|health|b|01,health,P2,24,1.1735027272511867,0.6477960013619356,0.525706725889251
NNNF|health|b|01,health,P2,25,0.9163133278056916,0.6713490927763865,0.2449642350293051
NNNF|health|b|01,health,P2,26,2.3350566163454145,1.6977672365311784,0.6372893798142361
NNNF|health|b|01,health,P2,27,1.5133420070460895,0.11735249465926906,1.3959895123868205
NNNF|health|b|01,health,P2,28,1.046172294710777,0.2204109498237138,0.8257613448870632
NNNF|health|b|01,health,P2,29,3.1765527532264133,2.0489761882240702,1.127576565002343
NNNF|tech_support|a|01,tech_support,P2,11,-0.3750059937137612,0.18007455935302685,-0.555080553066788
NNNF|tech_support|a|01,tech_support,P2,12,-1.8567316111036198,-1.2333670532834058,-0.623364557820214
NNNF|tech_support|a|01,tech_support,P2,13,-2.0618120093634773,-1.4181012975623604,-0.6437107118011169
NNNF|tech_support|a|01,tech_support,P2,14,-1.9940432329861744,-1.8169332073690634,-0.17711002561711098
NNNF|tech_support|a|01,tech_support,P2,15,-2.476936476182475,-1.850459553237981,-0.626476922944494
NNNF|tech_support|a|01,tech_support,P2,16,-3.299179241597262,-2.286142409937349,-1.013036831659913
NNNF|tech_support|a|01,tech_support,P2,17,-3.727214545722223,-3.2593362042048217,-0.46787834151740126
NNNF|tech_support|a|01,tech_support,P2,18,-3.4550555149244175,-3.141744129531371,-0.3133113853930465
NNNF|tech_support|a|01,tech_support,P2,19,-4.05522791272159,-3.641640445175771,-0.4135874675458191
NNNF|tech_support|a|01,tech_support,P2,20,-6.792323785941722,-6.163002254149953,-0.6293215317917689
NNNF|tech_support|a|01,tech_support,P2,21,-3.899519988334721,-4.012404674200288,0.11288468586556677
NNNF|tech_support|a|01,tech_support,P2,22,-4.912637367292556,-5.004920091006478,0.09228272371392254
NNNF|tech_support|a|01,tech_support,P2,23,-3.4368030240347176,-2.969300999303598,-0.46750202473111946
NNNF|tech_support|a|01,tech_support,P2,24,-2.8961474807259293,-2.311376772716961,-0.5847707080089681
NNNF|tech_support|a|01,tech_support,P2,25,-2.5424488465853803,-1.4196580848218352,-1.122790761763545
NNNF|tech_support|a|01,tech_support,P2,26,-2.2704393443902204,-1.2420101713575047,-1.0284291730327157
NNNF|tech_support|a|01,tech_support,P2,27,-7.689801198829346,-5.342962455604419,-2.346838743224927
NNNF|tech_support|a|01,tech_support,P2,28,-7.919239400073203,-5.017494905098658,-2.901744494974545
NNNF|tech_support|a|01,tech_support,P2,29,-6.882003381516704,-3.700697201482875,-3.1813061800338285
NNNF|tech_support|b|01,tech_support,P2,11,-1.0159279982750578,-0.936209875853183,-0.0797181224218747
NNNF|tech_support|b|01,tech_support,P2,12,-2.1825845796165826,-1.8173879478778543,-0.3651966317387283
NNNF|tech_support|b|01,tech_support,P2,13,-1.920971856140907,-1.5248378498941282,-0.39613400624677886
NNNF|tech_support|b|01,tech_support,P2,14,-2.4315376476424055,-2.271149385051655,-0.16038826259075067
NNNF|tech_support|b|01,tech_support,P2,15,-2.768402251665596,-2.67796248642928,-0.09043976523631603
NNNF|tech_support|b|01,tech_support,P2,16,-3.494668977508601,-2.98909728052187,-0.5055716969867312
NNNF|tech_support|b|01,tech_support,P2,17,-3.6612064459033973,-3.2235578792795843,-0.437648566623813
NNNF|tech_support|b|01,tech_support,P2,18,-3.3506876745974976,-3.0540862270512616,-0.29660144754623596
NNNF|tech_support|b|01,tech_support,P2,19,-3.7499360841198466,-3.4226828912925336,-0.327253192827313
NNNF|tech_support|b|01,tech_support,P2,20,-6.388396038506473,-5.42652397351119,-0.9618720649952825
NNNF|tech_support|b|01,tech_support,P2,21,-3.970155353665777,-3.6557294934185047,-0.3144258602472725
NNNF|tech_support|b|01,tech_support,P2,22,-5.032229861275138,-4.695146483036822,-0.337083378238316
NNNF|tech_support|b|01,tech_support,P2,23,-3.528041681873287,-2.93981351238743,-0.5882281694858573
NNNF|tech_support|b|01,tech_support,P2,24,-2.712180053270893,-1.9883159181597545,-0.7238641351111386
NNNF|tech_support|b|01,tech_support,P2,25,-2.4401466340770366,-1.3765148746250102,-1.0636317594520264
NNNF|tech_support|b|01,tech_support,P2,26,-2.3144683261302994,-1.171678514207111,-1.1427898119231883
NNNF|tech_support|b|01,tech_support,P2,27,-6.778261465221664,-4.803880719008371,-1.974380746213293
NNNF|tech_support|b|01,tech_support,P2,28,-6.950143032495247,-4.690009776619299,-2.2601332558759477
NNNF|tech_support|b|01,tech_support,P2,29,-5.706110960485284,-3.1952459485899327,-2.5108650118953513
NNNF|travel|a|01,travel,P2,11,0.7572584730190006,1.0235041193386782,-0.2662456463196776
NNNF|travel|a|01,travel,P2,12,0.21323915595406664,0.7239677307473259,-0.5107285747932593
NNNF|travel|a|01,travel,P2,13,0.17026321277880996,0.8305028658469259,-0.6602396530681159
NNNF|travel|a|01,travel,P2,14,-0.48969549024211345,0.3531264984790899,-0.8428219887212034
NNNF|travel|a|01,travel,P2,15,-0.38910259996269736,0.20527565295743622,-0.5943782529201336
NNNF|travel|a|01,travel,P2,16,-1.6502548286784138,-0.6699730551286128,-0.980281773549801
NNNF|travel|a|01,travel,P2,17,0.03180408542079007,0.5286656369844065,-0.49686155156361644
NNNF|travel|a|01,travel,P2,18,0.06910547877039257,0.7484291369711144,-0.6793236582007218
NNNF|travel|a|01,travel,P2,19,-0.6973883667703644,-0.22770565403518608,-0.46968271273517836
NNNF|travel|a|01,travel,P2,20,-1.0452421608394489,-0.647081235081953,-0.39816092575749584
NNNF|travel|a|01,travel,P2,21,-1.1351147045187895,-0.8524371703179422,-0.2826775342008473
NNNF|travel|a|01,travel,P2,22,-0.3068878350357735,0.2611801864107511,-0.5680680214465246
NNNF|travel|a|01,travel,P2,23,0.6493249761041427,1.4947447890821317,-0.845419812977989
NNNF|travel|a|01,travel,P2,24,1.7575328885087502,2.447560018761208,-0.6900271302524577
NNNF|travel|a|01,travel,P2,25,2.4333050837388397,3.455756958598668,-1.0224518748598284
NNNF|travel|a|01,travel,P2,26,2.57252524040821,3.661335154911709,-1.088809914503499
NNNF|travel|a|01,travel,P2,27,-0.3481970407971061,1.3376990993228277,-1.685896140119934
NNNF|travel|a|01,travel,P2,28,0.5361528802533972,1.8649729000759974,-1.3288200198226001
NNNF|travel|a|01,travel,P2,29,0.5282310009479044,1.6627880609560666,-1.134557060008162
NNNF|work|a|01,work,P2,11,0.03279294488169544,-0.014289789340368009,0.04708273422206345
NNNF|work|a|01,work,P2,12,-1.3147672000740007,-0.7980387089862553,-0.5167284910877454
NNNF|work|a|01,work,P2,13,-0.39242823949214894,-0.07038260229467903,-0.3220456371974699
NNNF|work|a|01,work,P2,14,0.20186998778177384,0.31754254679165156,-0.11567255900987772
NNNF|work|a|01,work,P2,15,-0.2941857893287814,0.3324407536331499,-0.6266265429619313
NNNF|work|a|01,work,P2,16,-0.6062269068473816,-0.3286568974353072,-0.2775700094120744
NNNF|work|a|01,work,P2,17,-0.1779169973609472,0.15295684550719738,-0.3308738428681446
NNNF|work|a|01,work,P2,18,-0.18911224672108878,0.0071620764365351135,-0.1962743231576239
NNNF|work|a|01,work,P2,19,-0.8059272359849199,-0.252814784594931,-0.5531124513899889
NNNF|work|a|01,work,P2,20,-0.011130616680901352,0.7787118962705043,-0.7898425129514056
NNNF|work|a|01,work,P2,21,-0.6845316480464867,-0.3551665169071618,-0.3293651311393249
NNNF|work|a|01,work,P2,22,1.5828028789891997,2.3506340364507983,-0.7678311574615986
NNNF|work|a|01,work,P2,23,1.557471836838891,2.464776706873186,-0.9073048700342949
NNNF|work|a|01,work,P2,24,2.2404811517749748,3.4085240549216853,-1.1680429031467106
NNNF|work|a|01,work,P2,25,2.050983580723404,3.6069438669142175,-1.5559602861908135
NNNF|work|a|01,work,P2,26,2.2511057696128485,3.5592358148900005,-1.308130045277152
NNNF|work|a|01,work,P2,27,2.5423089266513634,5.02700672676377,-2.4846978001124067
NNNF|work|a|01,work,P2,28,1.1618608261179841,3.252027341424736,-2.090166515306752
NNNF|work|a|01,work,P2,29,1.3882818462322968,3.634227479367743,-2.245945633135446
NNNF|work|b|01,work,P2,11,-0.12130818576389968,0.13741225876020552,-0.2587204445241052
NNNF|work|b|01,work,P2,12,-1.4740573103170673,-0.7759830143560278,-0.6980742959610395
NNNF|work|b|01,work,P2,13,-0.7328413761423479,-0.0018275621129010895,-0.7310138140294468
NNNF|work|b|01,work,P2,14,-0.3940000155590566,-0.16379263497514268,-0.23020738058391393
NNNF|work|b|01,work,P2,15,-0.7216639350561448,-0.4683887075768808,-0.253275227479264
NNNF|work|b|01,work,P2,16,-0.9583031312181872,-0.9514983480824872,-0.006804783135699988
NNNF|work|b|01,work,P2,17,-0.5435513793434805,-0.4865755384014498,-0.05697584094203073
NNNF|work|b|01,work,P2,18,-0.5206377433530369,-0.3888763007413521,-0.13176144261168482
NNNF|work|b|01,work,P2,19,-0.7700162637040175,-0.5068407232815763,-0.2631755404224413
NNNF|work|b|01,work,P2,20,0.6571364610253008,0.44841962374322486,0.2087168372820759
NNNF|work|b|01,work,P2,21,-0.5955794345845444,-0.5939529702517651,-0.0016264643327793538
NNNF|work|b|01,work,P2,22,2.155363591543973,1.9619843819363616,0.19337920960761124
NNNF|work|b|01,work,P2,23,1.2833393934059452,1.809207358654197,-0.5258679652482519
NNNF|work|b|01,work,P2,24,2.0067607809978574,3.080940019926142,-1.0741792389282847
NNNF|work|b|01,work,P2,25,2.455750943973423,3.524434716972005,-1.068683772998582
NNNF|work|b|01,work,P2,26,2.555597158393024,3.4858013155886445,-0.9302041571956203
NNNF|work|b|01,work,P2,27,2.9530793649462987,4.228436007155474,-1.275356642209175
NNNF|work|b|01,work,P2,28,1.2556867473070956,2.647399359792293,-1.3917126124851973
NNNF|work|b|01,work,P2,29,1.1103984667367688,3.1868762275095426,-2.076477760772774
NNNF|health|a|02,health,P2,11,0.19016458074341525,0.03668917505849177,0.15347540568492346
NNNF|health|a|02,health,P2,12,-1.7649029037236665,-1.8974376495983778,0.13253474587471126
NNNF|health|a|02,health,P2,13,-1.6012788623875154,-1.5196256885768624,-0.08165317381065296
NNNF|health|a|02,health,P2,14,-1.2518355458283361,-1.3691661901089458,0.11733064428060969
NNNF|health|a|02,health,P2,15,-1.4241069024531525,-1.6822180384735776,0.2581111360204251
NNNF|health|a|02,health,P2,16,-2.665223440844876,-2.4975911697015745,-0.16763227114330137
NNNF|health|a|02,health,P2,17,-1.3256006375592264,-1.318671828205766,-0.006928809353460519
NNNF|health|a|02,health,P2,18,-1.8124125790909604,-1.9517479120431511,0.1393353329521907
NNNF|health|a|02,health,P2,19,-2.1671083634196577,-2.1579016887209597,-0.00920667469869807
NNNF|health|a|02,health,P2,20,-1.3297399154014418,-1.5958787888070385,0.2661388734055967
NNNF|health|a|02,health,P2,21,-1.3311728721557783,-1.8533809398349648,0.5222080676791865
NNNF|health|a|02,health,P2,22,-0.6283550369842583,-1.304235151763342,0.6758801147790836
NNNF|health|a|02,health,P2,23,-0.8602593231701767,-1.18382158697029,0.3235622638001132
NNNF|health|a|02,health,P2,24,1.1056027276440754,0.8595463417883693,0.2460563858557061
NNNF|health|a|02,health,P2,25,0.8757773734521225,1.0647977028212172,-0.18902032936909474
NNNF|health|a|02,health,P2,26,2.473699398895627,2.343546158098853,0.13015324079677404
NNNF|health|a|02,health,P2,27,1.7381422627214196,1.507425409010572,0.2307168537108475
NNNF|health|a|02,health,P2,28,1.5509011567189828,1.2773364735355819,0.2735646831834009
NNNF|health|a|02,health,P2,29,3.7192145569370907,3.3360032785492337,0.38321127838785696
NNNF|health|b|02,health,P2,11,0.8126008853533186,1.0735129522586957,-0.26091206690537705
NNNF|health|b|02,health,P2,12,-0.9913402841946736,-0.9378606315548115,-0.053479652639862096
NNNF|health|b|02,health,P2,13,-1.2791677140754296,-0.9706143339400513,-0.30855338013537836
NNNF|health|b|02,health,P2,14,-1.0197446307131934,-0.6095414117023741,-0.41020321901081935
NNNF|health|b|02,health,P2,15,-1.1633775383413898,-0.9398530135885689,-0.22352452475282092
NNNF|health|b|02,health,P2,16,-2.2206367412800048,-1.309342756567211,-0.9112939847127937
NNNF|health|b|02,health,P2,17,-0.8505084360538075,-0.27598670854899054,-0.574521727504817
NNNF|health|b|02,health,P2,18,-1.2788212628562112,-0.5300226772489814,-0.7487985856072298
NNNF|health|b|02,health,P2,19,-1.6228117077522703,-1.089480379845175,-0.5333313279070953
NNNF|health|b|02,health,P2,20,-0.9285663206865793,-0.9340175913956179,0.005451270709038614
NNNF|health|b|02,health,P2,21,-1.0057975153051504,-0.9767093203550476,-0.02908819495010273
NNNF|health|b|02,health,P2,22,-0.5037254934588925,-0.8609640709247282,0.35723857746583565
NNNF|health|b|02,health,P2,23,-0.6342270656234897,-0.09992664010468873,-0.534300425518801
NNNF|health|b|02,health,P2,24,1.087928565631427,1.2470980690088844,-0.1591695033774574
NNNF|health|b|02,health,P2,25,0.726264984058407,1.442017257986539,-0.7157522739281319
NNNF|health|b|02,health,P2,26,2.1964749855749046,2.439433595978379,-0.24295861040347422
NNNF|health|b|02,health,P2,27,1.4775418860314982,1.106648497805129,0.3708933882263692
NNNF|health|b|02,health,P2,28,1.0012525457748536,1.4075684201876095,-0.40631587441275596
NNNF|health|b|02,health,P2,29,3.0936394127576095,3.0084701256736053,0.08516928708400417
NNNF|tech_support|a|02,tech_support,P2,11,-0.17692590432452981,0.07838750653952008,-0.2553134108640499
NNNF|tech_support|a|02,tech_support,P2,12,-1.7426614638973232,-1.4038839376816503,-0.3387775262156729
NNNF|tech_support|a|02,tech_support,P2,13,-1.9278462433714707,-1.6045332511316832,-0.3233129922397875
NNNF|tech_support|a|02,tech_support,P2,14,-1.903182427807269,-2.0064741706292435,0.1032917428219744
NNNF|tech_support|a|02,tech_support,P2,15,-2.2792992908749947,-1.799498745380808,-0.4798005454941867
NNNF|tech_support|a|02,tech_support,P2,16,-3.2393973967561323,-2.599205946232791,-0.640191450523341
NNNF|tech_support|a|02,tech_support,P2,17,-3.6647477973187588,-3.3416982796582273,-0.32304951766053147
NNNF|tech_support|a|02,tech_support,P2,18,-3.395873575360882,-3.3576900914055527,-0.03818348395532922
NNNF|tech_support|a|02,tech_support,P2,19,-4.134554858504281,-4.02621000233381,-0.1083448561704703
NNNF|tech_support|a|02,tech_support,P2,20,-6.872782213874989,-7.167268778086335,0.2944865642113461
NNNF|tech_support|a|02,tech_support,P2,21,-3.879812668612424,-4.334745133803954,0.4549324651915305
NNNF|tech_support|a|02,tech_support,P2,22,-4.800732250904311,-5.307429011601314,0.506696760697003
NNNF|tech_support|a|02,tech_support,P2,23,-3.525953076701592,-3.5386013127785962,0.01264823607700416
NNNF|tech_support|a|02,tech_support,P2,24,-2.9922232490646397,-2.804143875053292,-0.18807937401134778
NNNF|tech_support|a|02,tech_support,P2,25,-2.6980303614809356,-1.8250943894884049,-0.8729359719925307
NNNF|tech_support|a|02,tech_support,P2,26,-2.445205387206434,-1.5923419818100872,-0.8528634053963469
NNNF|tech_support|a|02,tech_support,P2,27,-7.61045556455107,-5.475287499407091,-2.1351680651439793
NNNF|tech_support|a|02,tech_support,P2,28,-7.898274303670035,-5.178883061784988,-2.719391241885047
NNNF|tech_support|a|02,tech_support,P2,29,-7.157013599493441,-4.082789466378695,-3.074224133114746
NNNF|tech_support|b|02,tech_support,P2,11,-0.8004250875687119,-0.6822098483407013,-0.11821523922801058
NNNF|tech_support|b|02,tech_support,P2,12,-2.0865040751578787,-1.8702677913895431,-0.2162362837683356
NNNF|tech_support|b|02,tech_support,P2,13,-1.8627873206567225,-1.5709391314496575,-0.291848189207065
NNNF|tech_support|b|02,tech_support,P2,14,-2.4458110182274946,-2.3634433339531813,-0.08236768427431329
NNNF|tech_support|b|02,tech_support,P2,15,-2.9265545381854925,-2.6844922474281314,-0.24206229075736108
NNNF|tech_support|b|02,tech_support,P2,16,-4.0352938432722185,-3.268263547663299,-0.7670302956089197
NNNF|tech_support|b|02,tech_support,P2,17,-3.884245779430386,-3.681861932426442,-0.20238384700394407
NNNF|tech_support|b|02,tech_support,P2,18,-3.768527911885719,-3.3436166078831007,-0.42491130400261845
NNNF|tech_support|b|02,tech_support,P2,19,-4.179668050016927,-3.5904832111627027,-0.5891848388542242
NNNF|tech_support|b|02,tech_support,P2,20,-7.227308450506189,-5.6514800000929615,-1.5758284504132272
NNNF|tech_support|b|02,tech_support,P2,21,-4.392743796447661,-3.8750851058318263,-0.5176586906158347
NNNF|tech_support|b|02,tech_support,P2,22,-5.500462647519736,-4.878443578445266,-0.6220190690744705
NNNF|tech_support|b|02,tech_support,P2,23,-4.338745629178003,-3.097932712047274,-1.2408129171307292
NNNF|tech_support|b|02,tech_support,P2,24,-3.698140457173777,-2.164204186708965,-1.533936270464812
NNNF|tech_support|b|02,tech_support,P2,25,-3.2440438600751813,-1.5069751005110623,-1.737068759564119
NNNF|tech_support|b|02,tech_support,P2,26,-3.2494628568592714,-1.2135253220637154,-2.035937534795556
NNNF|tech_support|b|02,tech_support,P2,27,-7.867926722920632,-4.888711879266528,-2.9792148436541046
NNNF|tech_support|b|02,tech_support,P2,28,-7.898593387918304,-4.683081433836782,-3.2155119540815216
NNNF|tech_support|b|02,tech_support,P2,29,-6.534582817319482,-2.9505943414920432,-3.5839884758274385
NNNF|travel|a|02,travel,P2,11,0.8602063910113713,1.0812560725865634,-0.22104968157519211
NNNF|travel|a|02,travel,P2,12,0.39827374383279074,0.9823028254202775,-0.5840290815874867
NNNF|travel|a|02,travel,P2,13,0.629497767232991,1.220362405136085,-0.5908646379030941
NNNF|travel|a|02,travel,P2,14,-0.2648526305290385,0.5322484795845107,-0.7971011101135492
NNNF|travel|a|02,travel,P2,15,-0.11457622395390366,0.4060326411615942,-0.5206088651154979
NNNF|travel|a|02,travel,P2,16,-1.5213104573807739,-0.718593029418475,-0.8027174279622988
NNNF|travel|a|02,travel,P2,17,0.2115289525993823,0.6147534768970612,-0.40322452429767885
NNNF|travel|a|02,travel,P2,18,0.3400820291231389,0.9486058660141876,-0.6085238368910487
NNNF|travel|a|02,travel,P2,19,-0.3438564621747877,0.22035856814825083,-0.5642150303230385
NNNF|travel|a|02,travel,P2,20,-0.6063221278753507,-0.20596218696274513,-0.4003599409126055
NNNF|travel|a|02,travel,P2,21,-0.985867230853413,-0.580193659398922,-0.405673571454491
NNNF|travel|a|02,travel,P2,22,-0.18783289535887235,0.34080829239881355,-0.5286411877576859
NNNF|travel|a|02,travel,P2,23,1.0836697618230542,1.6673730895383672,-0.583703327715313
NNNF|travel|a|02,travel,P2,24,2.225843646071658,2.7969601739963177,-0.5711165279246595
NNNF|travel|a|02,travel,P2,25,2.6503056061848387,3.570762084811623,-0.9204564786267841
NNNF|travel|a|02,travel,P2,26,2.804296766434565,3.68653601629053,-0.882239249855965
NNNF|travel|a|02,travel,P2,27,0.735575826119303,1.774449366733756,-1.038873540614453
NNNF|travel|a|02,travel,P2,28,1.7202383178523075,2.0103706276945035,-0.29013230984219596
NNNF|travel|a|02,travel,P2,29,1.1806490735115098,1.933562867898998,-0.7529137943874882
NNNF|work|a|02,work,P2,11,-0.10796571113730416,-0.04350605562350712,-0.06445965551379704
NNNF|work|a|02,work,P2,12,-1.3909603157440622,-0.898100040853478,-0.49286027489058415
NNNF|work|a|02,work,P2,13,-0.5280797306123052,0.05423771293447432,-0.5823174435467795
NNNF|work|a|02,work,P2,14,0.15189642444433454,0.3060888875570226,-0.15419246311268808
NNNF|work|a|02,work,P2,15,-0.3106774771452946,0.25049409841958853,-0.5611715755648832
NNNF|work|a|02,work,P2,16,-0.6250396995347023,-0.38492491251903216,-0.24011478701567013
NNNF|work|a|02,work,P2,17,-0.12797034533180454,0.14074411879545976,-0.2687144641272643
NNNF|work|a|02,work,P2,18,-0.21644896821081525,-0.16177468760407437,-0.05467428060674087
NNNF|work|a|02,work,P2,19,-0.8982038232725181,-0.41649497060565355,-0.4817088526668646
NNNF|work|a|02,work,P2,20,-0.18475663526482186,0.47601150968966777,-0.6607681449544897
NNNF|work|a|02,work,P2,21,-0.8137584827020073,-0.475945666412548,-0.33781281628945936
NNNF|work|a|02,work,P2,22,1.5191412655316785,2.3528369790608124,-0.8336957135291339
NNNF|work|a|02,work,P2,23,1.5783406524240577,2.220274667088416,-0.6419340146643582
NNNF|work|a|02,work,P2,24,2.2273474415618906,3.0886810925943924,-0.8613336510325018
NNNF|work|a|02,work,P2,25,2.111225308985421,3.449353360996801,-1.3381280520113799
NNNF|work|a|02,work,P2,26,2.3987391045608946,3.8097060568485293,-1.4109669522876347
NNNF|work|a|02,work,P2,27,2.6195827224386323,5.0714516487646355,-2.451868926326003
NNNF|work|a|02,work,P2,28,1.1879349935825523,3.0447528073349446,-1.8568178137523923
NNNF|work|a|02,work,P2,29,1.5083215280273787,3.5752189125648455,-2.0668973845374667
