prefix_id,topic,probe,layer,B_readout,C_readout,diff_B_minus_C
NNNF|health|a|00,health,P1,11,1.7810636531085098,1.658024347521623,0.1230393055868868
NNNF|health|a|00,health,P1,12,0.9873456777164293,0.9445299878812925,0.04281568983513684
NNNF|health|a|00,health,P1,13,1.6619804429282574,1.6849542118220024,-0.022973768893745028
NNNF|health|a|00,health,P1,14,1.0420409589492987,0.9264173893956548,0.11562356955364395
NNNF|health|a|00,health,P1,15,0.7367829866107197,0.6538702179146119,0.08291276869610786
NNNF|health|a|00,health,P1,16,1.476932170406748,1.4958793490616906,-0.018947178654942665
NNNF|health|a|00,health,P1,17,1.8003076448771491,1.7085700999076607,0.09173754496948838
NNNF|health|a|00,health,P1,18,0.7884118252861139,0.7508084244902552,0.037603400795858666
NNNF|health|a|00,health,P1,19,-0.04042954432923773,-0.17650425973706518,0.13607471540782745
NNNF|health|a|00,health,P1,20,0.18762693904234182,-0.004092087516776671,0.1917190265591185
NNNF|health|a|00,health,P1,21,-0.009241087663120151,-0.12498256417834563,0.11574147651522548
NNNF|health|a|00,health,P1,22,1.7378900857263477,1.6043375022701531,0.13355258345619458
NNNF|health|a|00,health,P1,23,1.8543723820526476,1.6663669560444598,0.18800542600818781
NNNF|health|a|00,health,P1,24,3.840561354487015,3.6916606980678814,0.14890065641913353
NNNF|health|a|00,health,P1,25,4.427700163219689,4.278020743179772,0.1496794200399174
NNNF|health|a|00,health,P1,26,3.978459815084642,3.8785513741388065,0.09990844094583551
NNNF|health|a|00,health,P1,27,4.257769966497077,4.158598430169083,0.09917153632799369
NNNF|health|a|00,health,P1,28,3.35828862506909,3.2898114751056675,0.06847714996342269
NNNF|health|a|00,health,P1,29,2.2648488573395213,2.1819833257613532,0.08286553157816812
NNNF|health|b|00,health,P1,11,1.6925803449269852,1.368606156585353,0.3239741883416323
NNNF|health|b|00,health,P1,12,1.0676103749406798,0.8174066133599355,0.2502037615807443
NNNF|health|b|00,health,P1,13,1.871436845644098,1.6511253384033873,0.2203115072407107
NNNF|health|b|00,health,P1,14,1.4371157717897174,1.3291418434089106,0.10797392838080677
NNNF|health|b|00,health,P1,15,0.7847484904273035,0.6936821591002144,0.09106633132708919
NNNF|health|b|00,health,P1,16,1.4716328522595432,1.4903448635982612,-0.018712011338718026
NNNF|health|b|00,health,P1,17,1.8726959781385508,1.7695627243243743,0.10313325381417648
NNNF|health|b|00,health,P1,18,0.6062043981380334,0.5160266014380451,0.09017779669998827
NNNF|health|b|00,health,P1,19,0.28461962064596297,0.2522306723000598,0.03238894834590317
NNNF|health|b|00,health,P1,20,0.6734240042183174,0.7031877197252069,-0.0297637155068895
NNNF|health|b|00,health,P1,21,0.4501327238282667,0.7465571410290346,-0.2964244172007679
NNNF|health|b|00,health,P1,22,1.6662772615167816,2.1814167076996176,-0.515139446182836
NNNF|health|b|00,health,P1,23,1.7165672335072601,2.3102005088023683,-0.5936332752951081
NNNF|health|b|00,health,P1,24,3.5677870830429383,4.008118596341551,-0.44033151329861253
NNNF|health|b|00,health,P1,25,3.652539132023065,3.981943772533548,-0.3294046405104831
NNNF|health|b|00,health,P1,26,3.3153834488849876,3.632268672606156,-0.31688522372116834
NNNF|health|b|00,health,P1,27,3.193253198959545,3.324431700212096,-0.13117850125255082
NNNF|health|b|00,health,P1,28,2.66110552969995,2.7190184962917088,-0.0579129665917586
NNNF|health|b|00,health,P1,29,1.150083527930723,0.844695305524435,0.30538822240628816
NNNF|tech_support|a|00,tech_support,P1,11,1.7560992932934052,1.7077460250633394,0.048353268230065805
NNNF|tech_support|a|00,tech_support,P1,12,1.5007104908585198,1.4671297950694373,0.033580695789082515
NNNF|tech_support|a|00,tech_support,P1,13,2.4270361385552035,2.50279049578673,-0.07575435723152646
NNNF|tech_support|a|00,tech_support,P1,14,1.9442508401416672,1.98331973445301,-0.03906889431134286
NNNF|tech_support|a|00,tech_support,P1,15,1.215908739158111,1.2130248860209871,0.002883853137123804
NNNF|tech_support|a|00,tech_support,P1,16,1.6345402891292504,1.802441666518979,-0.16790137738972866
NNNF|tech_support|a|00,tech_support,P1,17,1.5637057457710222,1.8143529221280728,-0.2506471763570506
NNNF|tech_support|a|00,tech_support,P1,18,0.2984147289550432,0.49175310781671044,-0.19333837886166727
NNNF|tech_support|a|00,tech_support,P1,19,0.20662561451437528,0.35173940384213165,-0.14511378932775637
NNNF|tech_support|a|00,tech_support,P1,20,0.5222489700312425,0.7530213976562711,-0.2307724276250286
NNNF|tech_support|a|00,tech_support,P1,21,0.1896409520304107,0.28908795212825794,-0.09944700009784724
NNNF|tech_support|a|00,tech_support,P1,22,1.8449667869178423,1.9674917441963438,-0.12252495727850143
NNNF|tech_support|a|00,tech_support,P1,23,1.9637399802711157,2.152711981554462,-0.18897200128334646
NNNF|tech_support|a|00,tech_support,P1,24,4.1058175410384,4.179713092177808,-0.07389555113940816
NNNF|tech_support|a|00,tech_support,P1,25,4.49181064670829,4.504893657135897,-0.013083010427607178
NNNF|tech_support|a|00,tech_support,P1,26,3.804234969121764,4.0839321961329595,-0.2796972270111957
NNNF|tech_support|a|00,tech_support,P1,27,4.3951369670916804,4.4135819526093,-0.018444985517619195
NNNF|tech_support|a|00,tech_support,P1,28,3.2303897420187546,3.3715425866421884,-0.1411528446234338
NNNF|tech_support|a|00,tech_support,P1,29,1.8117247589912318,1.8480295254238102,-0.036304766432578406
NNNF|tech_support|b|00,tech_support,P1,11,1.4931233631572822,1.6722237268361042,-0.17910036367882198
NNNF|tech_support|b|00,tech_support,P1,12,0.8058667989651627,0.8983465337683415,-0.09247973480317884
NNNF|tech_support|b|00,tech_support,P1,13,1.6001488737665572,1.809761193740976,-0.20961231997441887
NNNF|tech_support|b|00,tech_support,P1,14,1.1500247895782776,1.170442686775531,-0.02041789719725351
NNNF|tech_support|b|00,tech_support,P1,15,0.7632447960188428,0.7361206962011245,0.02712409981771824
NNNF|tech_support|b|00,tech_support,P1,16,1.4256883686026325,1.3631020482268743,0.06258632037575818
NNNF|tech_support|b|00,tech_support,P1,17,1.8374755112673324,1.7387033861873853,0.09877212507994715
NNNF|tech_support|b|00,tech_support,P1,18,0.5695897079721391,0.5236823503879933,0.04590735758414588
NNNF|tech_support|b|00,tech_support,P1,19,0.3343107793278195,0.23028996440430127,0.10402081492351822
NNNF|tech_support|b|00,tech_support,P1,20,0.7630153001811345,0.4109727895568067,0.3520425106243278
NNNF|tech_support|b|00,tech_support,P1,21,0.4658541693723648,0.10255115170482942,0.36330301766753537
NNNF|tech_support|b|00,tech_support,P1,22,1.6297869075388431,1.3079637871958076,0.3218231203430355
NNNF|tech_support|b|00,tech_support,P1,23,1.6885384137448056,1.450452214100047,0.23808619964475852
NNNF|tech_support|b|00,tech_support,P1,24,4.163869273423395,3.6989857079268877,0.46488356549650733
NNNF|tech_support|b|00,tech_support,P1,25,4.415866790787215,3.998000854953447,0.41786593583376774
NNNF|tech_support|b|00,tech_support,P1,26,4.1136738192927,3.8279639173284075,0.28570990196429236
NNNF|tech_support|b|00,tech_support,P1,27,4.435982301962032,4.083438199817586,0.35254410214444665
NNNF|tech_support|b|00,tech_support,P1,28,3.531935614361028,3.349895548700586,0.18204006566044217
NNNF|tech_support|b|00,tech_support,P1,29,2.259698929792168,2.090528292222399,0.1691706375697688
NNNF|travel|a|00,travel,P1,11,1.7081052153739869,1.5354184874630725,0.17268672791091433
NNNF|travel|a|00,travel,P1,12,1.2926218172892332,1.0397471070610886,0.25287471022814456
NNNF|travel|a|00,travel,P1,13,1.8140793419121282,1.878135926524471,-0.06405658461234287
NNNF|travel|a|00,travel,P1,14,1.9556661323766042,1.8286123223067112,0.12705381006989303
NNNF|travel|a|00,travel,P1,15,1.2733622881176423,1.0587154330073532,0.21464685511028914
NNNF|travel|a|00,travel,P1,16,1.719986694635916,1.5048106400426973,0.21517605459321865
NNNF|travel|a|00,travel,P1,17,1.6532182382501235,1.586930971865129,0.06628726638499449
NNNF|travel|a|00,travel,P1,18,0.6305673141303992,0.434695160996762,0.19587215313363726
NNNF|travel|a|00,travel,P1,19,0.3333416502303521,0.30290823682781853,0.030433413402533582
NNNF|travel|a|00,travel,P1,20,0.7723591716248321,1.0438536345858827,-0.2714944629610505
NNNF|travel|a|00,travel,P1,21,0.37923039147333387,0.9514337406995574,-0.5722033492262235
NNNF|travel|a|00,travel,P1,22,0.6698765305529323,1.5430026401678303,-0.873126109614898
NNNF|travel|a|00,travel,P1,23,0.8225401866750618,1.7593892322401175,-0.9368490455650557
NNNF|travel|a|00,travel,P1,24,2.4302669414878477,3.1584726250103263,-0.7282056835224786
NNNF|travel|a|00,travel,P1,25,2.4376066711449598,3.00642799161508,-0.56882132047012
NNNF|travel|a|00,travel,P1,26,2.0905076660451583,2.8175142438441587,-0.7270065777990005
NNNF|travel|a|00,travel,P1,27,2.206913970033164,2.66808107645992,-0.46116710642675596
NNNF|travel|a|00,travel,P1,28,1.528913150476537,2.2433335195924653,-0.7144203691159283
NNNF|travel|a|00,travel,P1,29,0.34601882955982954,1.0158914265769725,-0.669872597017143
NNNF|work|a|00,work,P1,11,1.5749740705249882,1.436554906967996,0.13841916355699224
NNNF|work|a|00,work,P1,12,1.4070633191747661,1.3730252483384424,0.03403807083632371
NNNF|work|a|00,work,P1,13,1.8842734063879085,1.80323334554321,0.08104006084469861
NNNF|work|a|00,work,P1,14,2.491739381688086,2.1768374004583757,0.31490198122971025
NNNF|work|a|00,work,P1,15,1.620144213634536,1.5629752002771757,0.057169013357360354
NNNF|work|a|00,work,P1,16,1.8251761206217791,1.8019659454418038,0.023210175179975367
NNNF|work|a|00,work,P1,17,1.9771957446902921,1.6472345292768118,0.32996121541348034
NNNF|work|a|00,work,P1,18,0.8423596525175376,0.7859384586124782,0.0564211939050594
NNNF|work|a|00,work,P1,19,0.8596106876295089,0.8188145147508662,0.04079617287864268
NNNF|work|a|00,work,P1,20,1.3829618919269913,1.3373554229573084,0.0456064689696829
NNNF|work|a|00,work,P1,21,0.9965351464913399,1.110353927586304,-0.11381878109496402
NNNF|work|a|00,work,P1,22,3.038543510842138,2.2474992376585408,0.7910442731835974
NNNF|work|a|00,work,P1,23,2.765308590701315,2.2879959577172677,0.47731263298404736
NNNF|work|a|00,work,P1,24,4.8278699089147,4.2288774964024896,0.5989924125122101
NNNF|work|a|00,work,P1,25,5.417631679013622,4.608657970915603,0.8089737080980193
NNNF|work|a|00,work,P1,26,5.149974629147893,4.488986401548048,0.6609882275998453
NNNF|work|a|00,work,P1,27,6.078420532340315,5.222703275859268,0.8557172564810474
NNNF|work|a|00,work,P1,28,5.019581462576709,4.1449964995459405,0.8745849630307685
NNNF|work|a|00,work,P1,29,3.820237426558244,2.8930937147952336,0.9271437117630104
NNNF|work|b|00,work,P1,11,1.2943476302788646,1.5641175241222287,-0.26976989384336414
NNNF|work|b|00,work,P1,12,0.8151693289613561,1.079513949443295,-0.26434462048193896
NNNF|work|b|00,work,P1,13,1.0175838151813048,1.5534313447912798,-0.535847529609975
NNNF|work|b|00,work,P1,14,1.0245684957343946,1.4467992895137973,-0.42223079377940276
NNNF|work|b|00,work,P1,15,0.4305429054649842,1.0831260337753,-0.6525831283103157
NNNF|work|b|00,work,P1,16,0.9125841670410808,1.5583283634311917,-0.6457441963901109
NNNF|work|b|00,work,P1,17,1.0729057305042504,1.514773342156116,-0.4418676116518656
NNNF|work|b|00,work,P1,18,-0.04758079842013227,0.3929899544576191,-0.4405707528777514
NNNF|work|b|00,work,P1,19,-0.3846317302224862,-0.018296158218748304,-0.3663355720037379
NNNF|work|b|00,work,P1,20,-0.27482286312646864,0.03178354310566861,-0.30660640623213725
NNNF|work|b|00,work,P1,21,-0.6196226307281478,-0.22210126558225413,-0.3975213651458937
NNNF|work|b|00,work,P1,22,0.8344482356634447,1.2981378134358872,-0.46368957777244246
NNNF|work|b|00,work,P1,23,0.6111874260160726,1.1647432886444933,-0.5535558626284207
NNNF|work|b|00,work,P1,24,2.7253362767005416,3.186389679752621,-0.4610534030520794
NNNF|work|b|00,work,P1,25,3.462198841649871,3.641449736224019,-0.17925089457414778
NNNF|work|b|00,work,P1,26,2.743245275689135,3.1057630850776143,-0.36251780938847933
NNNF|work|b|00,work,P1,27,3.2065171824701,3.6022662158376137,-0.39574903336751355
NNNF|work|b|00,work,P1,28,2.346566892555274,2.814464367411394,-0.46789747485612
NNNF|work|b|00,work,P1,29,1.013884459517082,1.5351692880182484,-0.5212848285011664
NNNF|health|a|01,health,P1,11,1.7655818833382613,1.7792771994363552,-0.013695316098093935
NNNF|health|a|01,health,P1,12,1.0567124585775618,1.029512390384974,0.02720006819258769
NNNF|health|a|01,health,P1,13,1.614831589173153,1.8267693740658772,-0.2119377848927242
NNNF|health|a|01,health,P1,14,0.9857888243252139,1.215219286557331,-0.22943046223211716
NNNF|health|a|01,health,P1,15,0.6379557972381351,0.8454622384665323,-0.20750644122839723
NNNF|health|a|01,health,P1,16,1.3316468802897015,1.5902260101698094,-0.2585791298801079
NNNF|health|a|01,health,P1,17,1.5511221104112316,1.780239194440767,-0.22911708402953535
NNNF|health|a|01,health,P1,18,0.5668369824203591,0.7538410253458177,-0.18700404292545858
NNNF|health|a|01,health,P1,19,-0.3056966062077725,-0.08273908408705138,-0.22295752212072112
NNNF|health|a|01,health,P1,20,0.005757315188597983,0.02991415458924998,-0.024156839400651997
NNNF|health|a|01,health,P1,21,-0.19241003207526058,-0.1422074669020325,-0.050202565173228075
NNNF|health|a|01,health,P1,22,1.5522960375004484,1.4328428785941267,0.11945315890632169
NNNF|health|a|01,health,P1,23,1.5458215677513065,1.6252765594220577,-0.07945499167075121
NNNF|health|a|01,health,P1,24,3.5821890037124207,3.5607256198768438,0.021463383835576888
NNNF|health|a|01,health,P1,25,4.146249581326157,3.9346171365013376,0.21163244482481947
NNNF|health|a|01,health,P1,26,3.8081250151886685,3.762650297166149,0.04547471802251968
NNNF|health|a|01,health,P1,27,4.284785915873105,3.9424317481804882,0.3423541676926165
NNNF|health|a|01,health,P1,28,3.31356201725105,3.084717907507652,0.22884410974339797
NNNF|health|a|01,health,P1,29,2.347282503984356,1.897115999944873,0.4501665040394829
NNNF|health|b|01,health,P1,11,1.7143765084990195,1.6895144787375531,0.024862029761466342
NNNF|health|b|01,health,P1,12,1.0559056772794402,0.9399191935718841,0.11598648370755604
NNNF|health|b|01,health,P1,13,1.8548305187541878,1.778251411515519,0.07657910723866879
NNNF|health|b|01,health,P1,14,1.4028015649706647,1.3801096345411972,0.02269193042946749
NNNF|health|b|01,health,P1,15,0.7155140372679023,1.0021115164731549,-0.2865974792052526
NNNF|health|b|01,health,P1,16,1.4593562714131387,1.670427388606935,-0.21107111719379623
NNNF|health|b|01,health,P1,17,1.7984223141815467,1.8698850375638085,-0.07146272338226178
NNNF|health|b|01,health,P1,18,0.4727737730451792,0.6397980833394303,-0.16702431029425113
NNNF|health|b|01,health,P1,19,0.2584399328385364,0.3476853574909319,-0.08924542465239549
NNNF|health|b|01,health,P1,20,0.5963844477733505,0.7576629576097441,-0.16127850983639358
NNNF|health|b|01,health,P1,21,0.5940694566182001,0.7642158947727655,-0.17014643815456543
NNNF|health|b|01,health,P1,22,1.7910908399894911,1.5023691903212184,0.28872164966827274
NNNF|health|b|01,health,P1,23,1.6833329882886363,1.689939747587657,-0.006606759299020659
NNNF|health|b|01,health,P1,24,3.33282906102777,3.3506560054001557,-0.017826944372385523
NNNF|health|b|01,health,P1,25,3.3273048660798428,3.2589783469759386,0.06832651910390419
NNNF|health|b|01,health,P1,26,2.850172683422645,2.908161427594549,-0.05798874417190403
NNNF|health|b|01,health,P1,27,2.5971275692205977,2.717275480768684,-0.12014791154808613
NNNF|health|b|01,health,P1,28,2.203004986136337,2.2080214152342617,-0.005016429097924657
NNNF|health|b|01,health,P1,29,0.6244339405930576,0.506526283979474,0.1179076566135836
NNNF|tech_support|a|01,tech_support,P1,11,1.6480520469667765,1.495156362728742,0.15289568423803446
NNNF|tech_support|a|01,tech_support,P1,12,1.4148760276529169,1.3082952313600091,0.10658079629290773
NNNF|tech_support|a|01,tech_support,P1,13,2.290290156862144,2.14445538357968,0.14583477328246408
NNNF|tech_support|a|01,tech_support,P1,14,2.083852208677471,2.0057320002747754,0.07812020840269573
NNNF|tech_support|a|01,tech_support,P1,15,1.3476556061046345,1.1773012070650593,0.17035439903957528
NNNF|tech_support|a|01,tech_support,P1,16,1.7506917361675784,1.5539110062101966,0.19678072995738183
NNNF|tech_support|a|01,tech_support,P1,17,1.6674806968053484,1.4030369994920675,0.2644436973132809
NNNF|tech_support|a|01,tech_support,P1,18,0.3100874804449687,0.12830999687482547,0.18177748357014323
NNNF|tech_support|a|01,tech_support,P1,19,0.1204696907428282,-0.10642399687292448,0.22689368761575268
NNNF|tech_support|a|01,tech_support,P1,20,0.2706199464317174,0.13794102371901693,0.13267892271270046
NNNF|tech_support|a|01,tech_support,P1,21,-0.21046334091743685,-0.2078294831995729,-0.002633857717863952
NNNF|tech_support|a|01,tech_support,P1,22,1.457218491748722,1.3680035943330129,0.0892148974157092
NNNF|tech_support|a|01,tech_support,P1,23,1.4777746401583922,1.353434764381328,0.12433987577706418
NNNF|tech_support|a|01,tech_support,P1,24,3.5878414999516575,3.4841845564044083,0.10365694354724919
NNNF|tech_support|a|01,tech_support,P1,25,4.219661580677525,4.224376434620693,-0.004714853943167618
NNNF|tech_support|a|01,tech_support,P1,26,3.7565973171955678,3.6022831975045344,0.15431411969103337
NNNF|tech_support|a|01,tech_support,P1,27,4.287847922209122,4.412824945274878,-0.12497702306575587
NNNF|tech_support|a|01,tech_support,P1,28,3.211262134780457,3.457724856366057,-0.2464627215855999
NNNF|tech_support|a|01,tech_support,P1,29,1.9710481101279602,2.292111967719587,-0.3210638575916267
NNNF|tech_support|b|01,tech_support,P1,11,1.5949638304796256,1.704738082974353,-0.10977425249472739
NNNF|tech_support|b|01,tech_support,P1,12,0.9804479981639971,0.950654046711627,0.02979395145237007
NNNF|tech_support|b|01,tech_support,P1,13,1.717034134528768,1.7548152130933272,-0.037781078564559145
NNNF|tech_support|b|01,tech_support,P1,14,1.3199901885617134,1.1353387637080297,0.1846514248536837
NNNF|tech_support|b|01,tech_support,P1,15,0.8774842960183283,0.7015894582430384,0.17589483777528991
NNNF|tech_support|b|01,tech_support,P1,16,1.4393112201830762,1.3524640173047628,0.08684720287831338
NNNF|tech_support|b|01,tech_support,P1,17,1.6681312422686738,1.6251187629898955,0.04301247927877827
NNNF|tech_support|b|01,tech_support,P1,18,0.4407671410696844,0.36125013536004924,0.07951700570963516
NNNF|tech_support|b|01,tech_support,P1,19,0.12754938952047523,0.17893628375069426,-0.05138689423021903
NNNF|tech_support|b|01,tech_support,P1,20,0.4089324396551943,0.41555761308298234,-0.0066251734277880114
NNNF|tech_support|b|01,tech_support,P1,21,-0.12189521534147846,0.09434724768061759,-0.21624246302209604
NNNF|tech_support|b|01,tech_support,P1,22,1.090819756658856,1.3432205731394689,-0.25240081648061286
NNNF|tech_support|b|01,tech_support,P1,23,1.1398137617786523,1.6237820668325726,-0.4839683050539203
NNNF|tech_support|b|01,tech_support,P1,24,3.440861961583944,3.96704499830762,-0.5261830367236762
NNNF|tech_support|b|01,tech_support,P1,25,3.998868491684018,4.186460374487829,-0.18759188280381078
NNNF|tech_support|b|01,tech_support,P1,26,3.4361894915040265,4.006551636849692,-0.5703621453456655
NNNF|tech_support|b|01,tech_support,P1,27,3.855408922183602,4.344738055952967,-0.48932913376936504
NNNF|tech_support|b|01,tech_support,P1,28,3.1949527269388533,3.5815761596751523,-0.38662343273629896
NNNF|tech_support|b|01,tech_support,P1,29,2.2604542722819008,2.1112579352024916,0.14919633707940916
NNNF|travel|a|01,travel,P1,11,1.659236019309883,1.785315301126838,-0.12607928181695494
NNNF|travel|a|01,travel,P1,12,1.2370803874684992,1.1747527920840701,0.06232759538442911
NNNF|travel|a|01,travel,P1,13,1.7452814433208963,1.8293671917380716,-0.08408574841717531
NNNF|travel|a|01,travel,P1,14,1.8061027821382676,1.8505092042695135,-0.044406422131245904
NNNF|travel|a|01,travel,P1,15,1.10564983553643,1.2051231925509582,-0.09947335701452831
NNNF|travel|a|01,travel,P1,16,1.5960293362841527,1.750572284261895,-0.15454294797774226
NNNF|travel|a|01,travel,P1,17,1.6365915688916377,2.002154236869565,-0.36556266797792714
NNNF|travel|a|01,travel,P1,18,0.470137585453293,0.7450751445733125,-0.2749375591200195
NNNF|travel|a|01,travel,P1,19,-0.015283357402832431,0.4373154212655562,-0.45259877866838866
NNNF|travel|a|01,travel,P1,20,0.41209130110106806,1.1132181916326633,-0.7011268905315953
NNNF|travel|a|01,travel,P1,21,0.1273279211898935,0.9041377524063299,-0.7768098312164364
NNNF|travel|a|01,travel,P1,22,0.45739915211692517,1.359591024279081,-0.9021918721621558
NNNF|travel|a|01,travel,P1,23,0.5535006383663809,1.5311680648121533,-0.9776674264457724
NNNF|travel|a|01,travel,P1,24,2.439261798671885,3.061504726398263,-0.6222429277263779
NNNF|travel|a|01,travel,P1,25,2.538957326967973,2.9473013790396507,-0.4083440520716777
NNNF|travel|a|01,travel,P1,26,2.2899180613088266,2.7926372166075932,-0.5027191552987667
NNNF|travel|a|01,travel,P1,27,2.5961777022409356,2.5438171670269916,0.052360535213944015
NNNF|travel|a|01,travel,P1,28,2.0390257398320353,2.183544928411609,-0.14451918857957358
NNNF|travel|a|01,travel,P1,29,1.042820202699574,1.097755090029903,-0.05493488733032881
NNNF|work|a|01,work,P1,11,1.466635936002971,1.6829064365619284,-0.21627050055895736
NNNF|work|a|01,work,P1,12,1.2266532756080437,1.5057914571700541,-0.2791381815620104
NNNF|work|a|01,work,P1,13,1.6680633134829406,2.027277894250408,-0.3592145807674676
NNNF|work|a|01,work,P1,14,2.2440514874601085,2.2519407917464633,-0.007889304286354815
NNNF|work|a|01,work,P1,15,1.1794668686855139,1.411661843972134,-0.23219497528662014
NNNF|work|a|01,work,P1,16,1.533111469304873,1.8707383646266356,-0.3376268953217625
NNNF|work|a|01,work,P1,17,1.7256012091080364,1.9764102899433054,-0.250809080835269
NNNF|work|a|01,work,P1,18,0.7132205779249341,0.7300991865834245,-0.016878608658490446
NNNF|work|a|01,work,P1,19,0.8249240391071865,0.8767957320779142,-0.05187169297072769
NNNF|work|a|01,work,P1,20,1.190136227420964,0.9692815619803776,0.2208546654405863
NNNF|work|a|01,work,P1,21,0.8421948186542776,0.8723829905140252,-0.030188171859747648
NNNF|work|a|01,work,P1,22,2.3066153502969025,1.9520332475382238,0.35458210275867863
NNNF|work|a|01,work,P1,23,2.007645345481311,1.8135387142124226,0.19410663126888816
NNNF|work|a|01,work,P1,24,3.9241725633584355,3.9580890835939213,-0.03391652023548586
NNNF|work|a|01,work,P1,25,4.469767817848957,4.45386197399832,0.015905843850636536
NNNF|work|a|01,work,P1,26,4.124929354925138,4.378805683998072,-0.2538763290729342
NNNF|work|a|01,work,P1,27,4.961411026167258,4.989408989772781,-0.027997963605523424
NNNF|work|a|01,work,P1,28,4.024066139614938,3.824628543472221,0.1994375961427166
NNNF|work|a|01,work,P1,29,2.861118726329989,2.3105827292738153,0.5505359970561736
NNNF|work|b|01,work,P1,11,1.634095916609188,1.4869700418975724,0.14712587471161553
NNNF|work|b|01,work,P1,12,1.1124629355272981,0.9430085986563599,0.16945433687093825
NNNF|work|b|01,work,P1,13,1.4879649829134731,1.3331975025931933,0.15476748032027987
NNNF|work|b|01,work,P1,14,1.3426970320857465,1.221846636099026,0.12085039598672043
NNNF|work|b|01,work,P1,15,0.8608066855668984,0.8222147735321802,0.038591912034718234
NNNF|work|b|01,work,P1,16,1.1863286333565661,1.3471938643329988,-0.16086523097643268
NNNF|work|b|01,work,P1,17,1.3249654545252612,1.2365131162760967,0.08845233824916443
NNNF|work|b|01,work,P1,18,0.1584893642495452,0.0517165614426969,0.10677280280684831
NNNF|work|b|01,work,P1,19,-0.17285078273465676,-0.39146162111614413,0.21861083838148737
NNNF|work|b|01,work,P1,20,0.11312200578521073,-0.330017443367572,0.4431394491527827
NNNF|work|b|01,work,P1,21,-0.2767949370442813,-0.7015894363463187,0.42479449930203733
NNNF|work|b|01,work,P1,22,1.397677602056993,0.6049010719295904,0.7927765301274026
NNNF|work|b|01,work,P1,23,1.105579015224655,0.3686267710947736,0.7369522441298814
NNNF|work|b|01,work,P1,24,3.354981670639004,2.5555557294354534,0.7994259412035505
NNNF|work|b|01,work,P1,25,3.794165780928418,3.1173510886050124,0.6768146923234055
NNNF|work|b|01,work,P1,26,3.201269175665579,2.716373921615749,0.4848952540498299
NNNF|work|b|01,work,P1,27,3.6708385979933045,3.3687241913042723,0.3021144066890322
NNNF|work|b|01,work,P1,28,2.7047466392873543,2.4304474668745617,0.27429917241279256
NNNF|work|b|01,work,P1,29,1.4598526086363572,1.2843905116885512,0.175462096947806
NNNF|health|a|02,health,P1,11,1.832424366276945,1.8449246992783035,-0.012500333001358443
NNNF|health|a|02,health,P1,12,1.140232389988584,1.117607074395616,0.022625315592968098
NNNF|health|a|02,health,P1,13,1.697623791156242,1.7142433049459096,-0.01661951378966764
NNNF|health|a|02,health,P1,14,1.1035263487346165,1.118373438839115,-0.014847090104498584
NNNF|health|a|02,health,P1,15,0.8664511101157432,0.8683085579967574,-0.0018574478810142736
NNNF|health|a|02,health,P1,16,1.4911294595973692,1.486965560309966,0.004163899287403128
NNNF|health|a|02,health,P1,17,1.7089609983028726,1.714805513955576,-0.005844515652703386
NNNF|health|a|02,health,P1,18,0.6482813445888178,0.6252464983544609,0.02303484623435692
NNNF|health|a|02,health,P1,19,-0.11082838505570375,-0.3002430694486192,0.18941468439291548
NNNF|health|a|02,health,P1,20,0.11018807194197905,-0.3503208913659619,0.46050896330794094
NNNF|health|a|02,health,P1,21,-0.18193889625340803,-0.29510985652689814,0.1131709602734901
NNNF|health|a|02,health,P1,22,1.46798985900349,1.2767332729317769,0.19125658607171325
NNNF|health|a|02,health,P1,23,1.4873634187005391,1.3993546192958577,0.08800879940468143
NNNF|health|a|02,health,P1,24,3.6536891746956983,3.511683895333169,0.14200527936252927
NNNF|health|a|02,health,P1,25,4.1359034772581955,3.926678072472931,0.2092254047852644
NNNF|health|a|02,health,P1,26,3.760481471611546,3.639970210754433,0.12051126085711283
NNNF|health|a|02,health,P1,27,3.8461858048035933,3.8682742892704987,-0.022088484466905367
NNNF|health|a|02,health,P1,28,2.9073792276036685,3.075353689277328,-0.16797446167365937
NNNF|health|a|02,health,P1,29,1.6347427593116188,1.8803280095708392,-0.2455852502592204
NNNF|health|b|02,health,P1,11,1.6820301961637978,1.493470262207906,0.18855993395589188
NNNF|health|b|02,health,P1,12,1.0269598859406703,0.8070901336519077,0.2198697522887626
NNNF|health|b|02,health,P1,13,1.8438672217098517,1.6993498822366617,0.14451733947319
NNNF|health|b|02,health,P1,14,1.4817381059038022,1.258292175859225,0.22344593004457725
NNNF|health|b|02,health,P1,15,0.6802981457947523,0.7846571375004975,-0.10435899170574514
NNNF|health|b|02,health,P1,16,1.2749867728224005,1.4129194746731144,-0.13793270185071393
NNNF|health|b|02,health,P1,17,1.8162244056420658,1.7106095937522268,0.10561481188983901
NNNF|health|b|02,health,P1,18,0.508054880521577,0.57413994247685,-0.06608506195527297
NNNF|health|b|02,health,P1,19,0.2259523317456954,0.19962413720233096,0.026328194543364436
NNNF|health|b|02,health,P1,20,0.5878337578861756,0.4517677493345056,0.13606600855167006
NNNF|health|b|02,health,P1,21,0.32181466248085716,0.5273901394439358,-0.2055754769630786
NNNF|health|b|02,health,P1,22,1.5750723842650505,1.4990964440264039,0.07597594023864662
NNNF|health|b|02,health,P1,23,1.45666819998375,1.5819019152003921,-0.12523371521664206
NNNF|health|b|02,health,P1,24,3.4153790987992285,3.489648524371025,-0.07426942557179661
NNNF|health|b|02,health,P1,25,3.624218731384329,3.4972158005552645,0.12700293082906455
NNNF|health|b|02,health,P1,26,3.225551624278943,3.101237779610339,0.12431384466860385
NNNF|health|b|02,health,P1,27,3.1665180171887988,2.889175646279495,0.2773423709093037
NNNF|health|b|02,health,P1,28,2.4661243551019996,2.179723717271186,0.2864006378308135
NNNF|health|b|02,health,P1,29,0.946020175946502,0.7100514999629463,0.23596867598355575
NNNF|tech_support|a|02,tech_support,P1,11,1.7481614878457805,1.7028062209149128,0.045355266930867666
NNNF|tech_support|a|02,tech_support,P1,12,1.5564360614254884,1.4635537008136343,0.09288236061185406
NNNF|tech_support|a|02,tech_support,P1,13,2.3453615278672344,2.285911631017864,0.05944989684937019
NNNF|tech_support|a|02,tech_support,P1,14,2.1666119522899603,2.0408885903177443,0.125723361972216
NNNF|tech_support|a|02,tech_support,P1,15,1.282308085978931,1.2389540463706479,0.04335403960828321
NNNF|tech_support|a|02,tech_support,P1,16,1.6732188334357603,1.5946418539203364,0.07857697951542386
NNNF|tech_support|a|02,tech_support,P1,17,1.5532388064336984,1.5003566844772476,0.05288212195645081
NNNF|tech_support|a|02,tech_support,P1,18,0.4197151192387497,0.43660100325394624,-0.01688588401519653
NNNF|tech_support|a|02,tech_support,P1,19,0.030880334196879522,-0.15898054038718112,0.18986087458406065
NNNF|tech_support|a|02,tech_support,P1,20,0.5916136758806574,0.0797676252758005,0.5118460506048569
NNNF|tech_support|a|02,tech_support,P1,21,0.10979853679959506,-0.27272183764939356,0.3825203744489886
NNNF|tech_support|a|02,tech_support,P1,22,1.417841950189681,1.3197529924756268,0.09808895771405424
NNNF|tech_support|a|02,tech_support,P1,23,1.5387649120621592,1.573321848445389,-0.034556936383229875
NNNF|tech_support|a|02,tech_support,P1,24,3.5144976071024243,3.4607270355169204,0.05377057158550391
NNNF|tech_support|a|02,tech_support,P1,25,4.015728500115247,3.8362263116961692,0.17950218841907795
NNNF|tech_support|a|02,tech_support,P1,26,3.3981045270335084,3.249909706909155,0.14819482012435348
NNNF|tech_support|a|02,tech_support,P1,27,4.042911269629208,3.940770961950944,0.1021403076782641
NNNF|tech_support|a|02,tech_support,P1,28,3.077680952555523,3.094989340324511,-0.01730838776898791
NNNF|tech_support|a|02,tech_support,P1,29,1.6573285520556653,1.6875057348941003,-0.030177182838434957
NNNF|tech_support|b|02,tech_support,P1,11,1.6040560879333445,1.4711228163279992,0.1329332716053453
NNNF|tech_support|b|02,tech_support,P1,12,0.9254943174561658,0.7832125699014034,0.14228174755476242
NNNF|tech_support|b|02,tech_support,P1,13,1.4903713420321538,1.684667471403821,-0.19429612937166718
NNNF|tech_support|b|02,tech_support,P1,14,1.3229931065455744,1.077099385099225,0.24589372144634947
NNNF|tech_support|b|02,tech_support,P1,15,0.7043984289731036,0.7503381025021808,-0.04593967352907724
NNNF|tech_support|b|02,tech_support,P1,16,1.302098895034733,1.367179967687151,-0.06508107265241803
NNNF|tech_support|b|02,tech_support,P1,17,1.5160234024208923,1.5852038140262028,-0.06918041160531052
NNNF|tech_support|b|02,tech_support,P1,18,0.3328367645343443,0.5726624255303998,-0.2398256609960555
NNNF|tech_support|b|02,tech_support,P1,19,-0.043906630570891114,0.12857603611313478,-0.1724826666840259
NNNF|tech_support|b|02,tech_support,P1,20,0.23837984871491097,0.43209956009573347,-0.1937197113808225
NNNF|tech_support|b|02,tech_support,P1,21,-0.3688527054044788,0.12252687931326867,-0.49137958471774745
NNNF|tech_support|b|02,tech_support,P1,22,0.9766607742603449,1.5252268144837644,-0.5485660402234195
NNNF|tech_support|b|02,tech_support,P1,23,1.0530395601179234,1.8748922775907693,-0.8218527174728458
NNNF|tech_support|b|02,tech_support,P1,24,3.2955837622244863,4.211361074127358,-0.9157773119028714
NNNF|tech_support|b|02,tech_support,P1,25,3.970781774292598,4.513118537865242,-0.5423367635726435
NNNF|tech_support|b|02,tech_support,P1,26,3.24647371280453,4.2444617911880105,-0.9979880783834805
NNNF|tech_support|b|02,tech_support,P1,27,3.628111272140214,4.461524595923966,-0.833413323783752
NNNF|tech_support|b|02,tech_support,P1,28,2.937409517905801,3.5273725555708766,-0.5899630376650755
NNNF|tech_support|b|02,tech_support,P1,29,2.1397312369078563,2.1882558157460004,-0.048524578838144095
NNNF|travel|a|02,travel,P1,11,1.728293246677974,1.7500722558156032,-0.021779009137629313
NNNF|travel|a|02,travel,P1,12,1.3429700255158243,1.3197738429000796,0.023196182615744743
NNNF|travel|a|02,travel,P1,13,1.8154435825140292,1.8675437435774764,-0.05210016106344728
NNNF|travel|a|02,travel,P1,14,2.0705375154563925,1.9768866700788519,0.09365084537754065
NNNF|travel|a|02,travel,P1,15,1.4961649110964448,1.4068041855537397,0.08936072554270513
NNNF|travel|a|02,travel,P1,16,1.9495328624392614,1.9315982947964985,0.01793456764276291
NNNF|travel|a|02,travel,P1,17,2.0268685580491423,1.8444685163694725,0.18240004167966983
NNNF|travel|a|02,travel,P1,18,0.9228534380862843,0.676924959116176,0.24592847897010828
NNNF|travel|a|02,travel,P1,19,0.6185519138321611,0.4025458689506861,0.216006044881475
NNNF|travel|a|02,travel,P1,20,1.0491109050507001,0.9626289779692986,0.08648192708140157
NNNF|travel|a|02,travel,P1,21,0.7533464651405473,0.9809493834926899,-0.22760291835214264
NNNF|travel|a|02,travel,P1,22,0.9657792662561561,1.140306619537578,-0.17452735328142188
NNNF|travel|a|02,travel,P1,23,1.1030225992116085,1.3810926239271966,-0.27807002471558806
NNNF|travel|a|02,travel,P1,24,2.5438801023968423,2.8060633487046522,-0.26218324630781
NNNF|travel|a|02,travel,P1,25,2.389677997692232,2.657685255609853,-0.2680072579176209
NNNF|travel|a|02,travel,P1,26,2.1386327614195695,2.3742913282285896,-0.2356585668090201
NNNF|travel|a|02,travel,P1,27,2.293222673480459,2.6044468051308822,-0.3112241316504232
NNNF|travel|a|02,travel,P1,28,1.8610146621037469,2.2616879828961842,-0.40067332079243734
NNNF|travel|a|02,travel,P1,29,0.5608084226797593,0.8772707874652299,-0.31646236478547063
NNNF|work|a|02,work,P1,11,1.5651635389944552,1.7159941360576654,-0.15083059706321023
NNNF|work|a|02,work,P1,12,1.4360090092445161,1.5443706963676131,-0.10836168712309702
NNNF|work|a|02,work,P1,13,1.9009573677029208,2.0900087125616618,-0.18905134485874098
NNNF|work|a|02,work,P1,14,2.3882034000793624,2.4586670903803243,-0.07046369030096189
NNNF|work|a|02,work,P1,15,1.5400191282671587,1.5798432785804353,-0.039824150313276574
NNNF|work|a|02,work,P1,16,1.7740462278315232,1.8757955429841098,-0.10174931515258656
NNNF|work|a|02,work,P1,17,1.8928405408587416,1.8157062887368565,0.07713425212188518
NNNF|work|a|02,work,P1,18,0.7987355665450462,0.6814549973720827,0.11728056917296348
NNNF|work|a|02,work,P1,19,0.865147391209427,0.7688136043274172,0.09633378688200978
NNNF|work|a|02,work,P1,20,1.0825328385898807,1.1166463614094233,-0.03411352281954261
NNNF|work|a|02,work,P1,21,0.8834627392870433,0.7586758458215779,0.12478689346546545
NNNF|work|a|02,work,P1,22,2.3162774791897798,2.235472028951135,0.08080545023864483
NNNF|work|a|02,work,P1,23,2.002686861517699,2.1397453585583053,-0.13705849704060613
NNNF|work|a|02,work,P1,24,4.119338159330961,3.979515198778064,0.1398229605528969
NNNF|work|a|02,work,P1,25,4.571819816134973,4.44933803181361,0.12248178432136214
NNNF|work|a|02,work,P1,26,4.264990393371796,4.289413127228362,-0.024422733856566126
NNNF|work|a|02,work,P1,27,5.0329915139317425,5.15074500280654,-0.11775348887479709
NNNF|work|a|02,work,P1,28,4.0495412339966546,4.038626527728448,0.010914706268206231
NNNF|work|a|02,work,P1,29,2.787523718680491,2.8489867778022226,-0.06146305912173178
NNNF|health|a|00,health,P2,11,-0.05478125760167819,-0.3811033586724154,0.3263221010707372
NNNF|health|a|00,health,P2,12,-2.0833536178097374,-2.4196325768608853,0.3362789590511479
NNNF|health|a|00,health,P2,13,-1.5938921608774301,-1.8384806544075183,0.24458849353008816
NNNF|health|a|00,health,P2,14,-1.5408981111405635,-1.8332564209713589,0.29235830983079536
NNNF|health|a|00,health,P2,15,-1.7263337812206814,-2.0282705007382873,0.3019367195176059
NNNF|health|a|00,health,P2,16,-2.520353291015447,-2.7865212197119713,0.2661679286965244
NNNF|health|a|00,health,P2,17,-1.177919648451539,-1.3681892431033267,0.1902695946517876
NNNF|health|a|00,health,P2,18,-1.626401768848309,-1.9802203515913306,0.3538185827430216
NNNF|health|a|00,health,P2,19,-1.8222336637046401,-2.1256509001407906,0.3034172364361505
NNNF|health|a|00,health,P2,20,-1.1906805597480203,-1.4143706867493102,0.22369012700128987
NNNF|health|a|00,health,P2,21,-1.4512048548686094,-1.6034931452166121,0.15228829034800273
NNNF|health|a|00,health,P2,22,-0.768711979993766,-0.9813929868825552,0.21268100688878921
NNNF|health|a|00,health,P2,23,-0.8421045382660787,-1.1946919707458101,0.35258743247973146
NNNF|health|a|00,health,P2,24,1.133111453460707,0.8975466741648979,0.2355647792958091
NNNF|health|a|00,health,P2,25,1.6125674588936196,1.2944795154493598,0.31808794344425984
NNNF|health|a|00,health,P2,26,2.784454757235302,2.4684048133640255,0.3160499438712763
NNNF|health|a|00,health,P2,27,1.9099456489174753,1.4528423323410435,0.4571033165764318
NNNF|health|a|00,health,P2,28,1.3725434260571348,0.999463211684699,0.37308021437243577
NNNF|health|a|00,health,P2,29,3.4344382699387683,3.0967062186562737,0.3377320512824946
NNNF|health|b|00,health,P2,11,0.9436614071724213,0.3076969943598278,0.6359644128125935
NNNF|health|b|00,health,P2,12,-1.0014672372960578,-1.4962293765008068,0.494762139204749
NNNF|health|b|00,health,P2,13,-1.1930773034573894,-1.7205818166830673,0.5275045132256779
NNNF|health|b|00,health,P2,14,-0.8681822882709282,-1.1191434867048127,0.2509611984338844
NNNF|health|b|00,health,P2,15,-1.0111226610583528,-1.3551529724653157,0.34403031140696294
NNNF|health|b|00,health,P2,16,-1.4994545114668394,-1.8380284667323867,0.33857395526554734
NNNF|health|b|00,health,P2,17,-0.47568483895896163,-0.7232822983269248,0.24759745936796318
NNNF|health|b|00,health,P2,18,-0.6411710331802372,-1.0885223657062484,0.4473513325260112
NNNF|health|b|00,health,P2,19,-1.1616933663032223,-1.462481894177505,0.3007885278742828
NNNF|health|b|00,health,P2,20,-0.7741411924638153,-1.2081370913261498,0.4339958988623345
NNNF|health|b|00,health,P2,21,-0.7794511949310237,-1.1257678990250637,0.34631670409404003
NNNF|health|b|00,health,P2,22,-0.4936835636846558,-0.8823685103514296,0.3886849466667738
NNNF|health|b|00,health,P2,23,0.18298487549519912,-0.36881459788777665,0.5517994733829757
NNNF|health|b|00,health,P2,24,1.581450265982161,1.0561755953287084,0.5252746706534526
NNNF|health|b|00,health,P2,25,1.7612252657890404,1.2370957665360005,0.5241294992530399
NNNF|health|b|00,health,P2,26,3.0008491023257813,2.349342904082402,0.6515061982433794
NNNF|health|b|00,health,P2,27,1.5611816072429954,0.8367766703992384,0.724404936843757
NNNF|health|b|00,health,P2,28,1.7930871095764989,0.7389923085039652,1.0540948010725337
NNNF|health|b|00,health,P2,29,3.6744804153488784,2.581495003013487,1.0929854123353913
NNNF|tech_support|a|00,tech_support,P2,11,0.39371590862212497,0.17718902032388295,0.21652688829824202
NNNF|tech_support|a|00,tech_support,P2,12,-1.0119525000766882,-1.298615144045339,0.2866626439686508
NNNF|tech_support|a|00,tech_support,P2,13,-1.2369814742237242,-1.5171300847328382,0.280148610509114
NNNF|tech_support|a|00,tech_support,P2,14,-1.731934800780274,-1.9021372802858425,0.17020247950556855
NNNF|tech_support|a|00,tech_support,P2,15,-1.566913814715003,-1.9914569012332581,0.4245430865182551
NNNF|tech_support|a|00,tech_support,P2,16,-2.1808057614041783,-2.5226264309133506,0.34182066950917234
NNNF|tech_support|a|00,tech_support,P2,17,-2.7851353711856013,-3.2453069128082874,0.46017154162268614
NNNF|tech_support|a|00,tech_support,P2,18,-2.915545575083822,-3.064288230307611,0.14874265522378893
NNNF|tech_support|a|00,tech_support,P2,19,-3.782922681309064,-3.6966410574303286,-0.08628162387873539
NNNF|tech_support|a|00,tech_support,P2,20,-6.6275842956272975,-6.237665497372576,-0.38991879825472164
NNNF|tech_support|a|00,tech_support,P2,21,-4.030786469835379,-3.88668787966281,-0.14409859017256865
NNNF|tech_support|a|00,tech_support,P2,22,-5.077735901036043,-4.988301398300404,-0.08943450273563869
NNNF|tech_support|a|00,tech_support,P2,23,-3.1087456635701076,-3.069240663044083,-0.03950500052602468
NNNF|tech_support|a|00,tech_support,P2,24,-2.438407123661256,-2.4234688050648017,-0.014938318596454447
NNNF|tech_support|a|00,tech_support,P2,25,-1.7145187007400629,-1.6635336072878035,-0.05098509345225932
NNNF|tech_support|a|00,tech_support,P2,26,-1.6401383937269247,-1.4204444976448147,-0.21969389608210999
NNNF|tech_support|a|00,tech_support,P2,27,-5.657133028953007,-5.4486689428590696,-0.20846408609393752
NNNF|tech_support|a|00,tech_support,P2,28,-5.133504162019296,-4.817622247331666,-0.3158819146876297
NNNF|tech_support|a|00,tech_support,P2,29,-3.9484007711216873,-3.5626458880352696,-0.3857548830864177
NNNF|tech_support|b|00,tech_support,P2,11,-0.7776641347114568,-0.8410314560630932,0.06336732135163636
NNNF|tech_support|b|00,tech_support,P2,12,-1.778151512445837,-1.9047335166758093,0.12658200422997234
NNNF|tech_support|b|00,tech_support,P2,13,-1.509429700637868,-1.625042011896745,0.11561231125887694
NNNF|tech_support|b|00,tech_support,P2,14,-2.175357964593394,-2.39556181342167,0.22020384882827582
NNNF|tech_support|b|00,tech_support,P2,15,-2.5655114303851208,-2.8203367313522096,0.2548253009670889
NNNF|tech_support|b|00,tech_support,P2,16,-3.0027398367572653,-3.3479601296934183,0.345220292936153
NNNF|tech_support|b|00,tech_support,P2,17,-3.277743961600071,-3.6069658569257057,0.3292218953256345
NNNF|tech_support|b|00,tech_support,P2,18,-2.8808408808476327,-3.2788203406028176,0.3979794597551849
NNNF|tech_support|b|00,tech_support,P2,19,-3.1738513839416123,-3.450265631432727,0.27641424749111465
NNNF|tech_support|b|00,tech_support,P2,20,-5.089276642943959,-5.516697190217911,0.42742054727395207
NNNF|tech_support|b|00,tech_support,P2,21,-3.523328313191806,-3.8034519592941756,0.2801236461023695
NNNF|tech_support|b|00,tech_support,P2,22,-4.431639010790613,-4.781507722216883,0.34986871142626974
NNNF|tech_support|b|00,tech_support,P2,23,-2.694372114888728,-3.001855912372916,0.30748379748418797
NNNF|tech_support|b|00,tech_support,P2,24,-1.7750685036808758,-2.175413072662258,0.40034456898138204
NNNF|tech_support|b|00,tech_support,P2,25,-1.1303311626488945,-1.4608442925587093,0.33051312990981474
NNNF|tech_support|b|00,tech_support,P2,26,-0.8528979297371373,-1.1853624117618218,0.3324644820246845
NNNF|tech_support|b|00,tech_support,P2,27,-4.682215714981428,-4.827765499711694,0.14554978473026559
NNNF|tech_support|b|00,tech_support,P2,28,-4.428395597330935,-4.459606958653244,0.03121136132230884
NNNF|tech_support|b|00,tech_support,P2,29,-3.0234742303695827,-2.7590476546639726,-0.2644265757056101
NNNF|travel|a|00,travel,P2,11,1.0495115774632213,1.0881772696197927,-0.03866569215657134
NNNF|travel|a|00,travel,P2,12,0.9291048231624677,0.7060849295284473,0.22301989363402042
NNNF|travel|a|00,travel,P2,13,0.8980405669523237,0.8670089097679922,0.03103165718433154
NNNF|travel|a|00,travel,P2,14,0.4089831688494534,0.3129238882908736,0.09605928055857982
NNNF|travel|a|00,travel,P2,15,0.3949846081400106,0.13919118793382157,0.255793420206189
NNNF|travel|a|00,travel,P2,16,-0.5734105328428023,-0.8357751655379208,0.26236463269511845
NNNF|travel|a|00,travel,P2,17,0.7262997696281217,0.4720274758569987,0.254272293771123
NNNF|travel|a|00,travel,P2,18,1.0701516538251754,0.4810976975405943,0.5890539562845811
NNNF|travel|a|00,travel,P2,19,0.21398988526513296,-0.1781752411166831,0.39216512638181605
NNNF|travel|a|00,travel,P2,20,-0.2623381281391068,-0.5934521835290232,0.3311140553899164
NNNF|travel|a|00,travel,P2,21,-0.6243976655974566,-0.8265888012580697,0.20219113566061309
NNNF|travel|a|00,travel,P2,22,0.4544169908995494,0.6437145626491102,-0.1892975717495608
NNNF|travel|a|00,travel,P2,23,1.8452255368189818,1.7845320089046308,0.06069352791435101
NNNF|travel|a|00,travel,P2,24,2.9082117765088586,2.9167287797193127,-0.00851700321045401
NNNF|travel|a|00,travel,P2,25,3.7159475795992245,3.1943778721263674,0.5215697074728571
NNNF|travel|a|00,travel,P2,26,3.9621788397320223,3.35259676691154,0.6095820728204822
NNNF|travel|a|00,travel,P2,27,2.04899119166962,1.2876953634159989,0.7612958282536213
NNNF|travel|a|00,travel,P2,28,2.203408874413525,1.8288248535026905,0.37458402091083465
NNNF|travel|a|00,travel,P2,29,1.9452315000071085,1.3682086065240195,0.577022893483089
NNNF|work|a|00,work,P2,11,-0.16833644695748332,-0.4511077870632635,0.2827713401057802
NNNF|work|a|00,work,P2,12,-1.1807883914109705,-1.5470918840036176,0.36630349259264716
NNNF|work|a|00,work,P2,13,-0.3548024116575852,-0.6311254919124943,0.27632308025490915
NNNF|work|a|00,work,P2,14,0.18832218586040916,-0.1915232254395247,0.3798454112999339
NNNF|work|a|00,work,P2,15,0.5016679206934528,0.02114496668935076,0.480522954004102
NNNF|work|a|00,work,P2,16,-0.26742740471426024,-0.610983508528849,0.34355610381458873
NNNF|work|a|00,work,P2,17,0.46772011380966366,0.13204967738919018,0.33567043642047345
NNNF|work|a|00,work,P2,18,-0.08556394726024989,-0.11155291084778372,0.02598896358753383
NNNF|work|a|00,work,P2,19,-0.5564377009741635,-0.9577952479134829,0.40135754693931947
NNNF|work|a|00,work,P2,20,0.10698293951148649,-0.21101158279366042,0.3179945223051469
NNNF|work|a|00,work,P2,21,-0.9191872944256265,-0.9285469345026943,0.009359640077067799
NNNF|work|a|00,work,P2,22,2.1406178631595094,1.717858981181031,0.42275888197847844
NNNF|work|a|00,work,P2,23,2.199098088679111,1.9990587962311397,0.20003929244797125
NNNF|work|a|00,work,P2,24,3.1581885964762124,2.798247653507022,0.3599409429691902
NNNF|work|a|00,work,P2,25,3.4708255305036113,2.8641784210564163,0.606647109447195
NNNF|work|a|00,work,P2,26,3.6799496790004027,3.1153669075133235,0.5645827714870792
NNNF|work|a|00,work,P2,27,5.462157962165988,4.688130813606459,0.7740271485595294
NNNF|work|a|00,work,P2,28,3.506566710431983,2.929695137028294,0.5768715734036887
NNNF|work|a|00,work,P2,29,3.8807331363107966,3.747549125738044,0.13318401057275242
NNNF|work|b|00,work,P2,11,0.6041461252840665,0.13643294029217728,0.46771318499188924
NNNF|work|b|00,work,P2,12,-0.477385821199853,-0.697882714603635,0.22049689340378203
NNNF|work|b|00,work,P2,13,-0.002930079925096509,-0.11104670771231508,0.10811662778721856
NNNF|work|b|00,work,P2,14,0.0052431323320362745,-0.033666135626953024,0.0389092679589893
NNNF|work|b|00,work,P2,15,-0.3239280155428271,-0.4448137886431155,0.12088577310028842
NNNF|work|b|00,work,P2,16,-0.7168983248254998,-0.8382309500784454,0.12133262525294564
NNNF|work|b|00,work,P2,17,-0.1630341465568902,-0.39824063603616355,0.23520648947927336
NNNF|work|b|00,work,P2,18,-0.17290200887749785,-0.47356178431972096,0.3006597754422231
NNNF|work|b|00,work,P2,19,-0.14968845423733002,-0.6432195532938763,0.49353109905654624
NNNF|work|b|00,work,P2,20,1.0303302967693608,0.38878921892556934,0.6415410778437916
NNNF|work|b|00,work,P2,21,-0.3162963185802939,-0.5022295204832992,0.18593320190300527
NNNF|work|b|00,work,P2,22,2.5110231708940796,2.006195686733869,0.5048274841602107
NNNF|work|b|00,work,P2,23,2.0313024705350884,1.483860497482629,0.5474419730524593
NNNF|work|b|00,work,P2,24,3.0797514234934136,2.601061511328191,0.4786899121652226
NNNF|work|b|00,work,P2,25,3.6647184273629816,2.9402249011348713,0.7244935262281103
NNNF|work|b|00,work,P2,26,3.6200951639944488,2.933466626980768,0.6866285370136809
NNNF|work|b|00,work,P2,27,4.644485682835383,4.07095156068893,0.5735341221464534
NNNF|work|b|00,work,P2,28,2.9921627034767724,2.316115004143269,0.6760476993335032
NNNF|work|b|00,work,P2,29,3.0314355021633146,2.8187063543446227,0.2127291478186919
NNNF|health|a|01,health,P2,11,-0.15083015558894902,-0.22791409844307897,0.07708394285412995
NNNF|health|a|01,health,P2,12,-2.149020413400981,-2.31884867395247,0.1698282605514887
NNNF|health|a|01,health,P2,13,-1.8046993076382807,-1.7674846618788007,-0.03721464575947997
NNNF|health|a|01,health,P2,14,-1.7967443562781342,-1.7416509690897963,-0.055093387188337895
NNNF|health|a|01,health,P2,15,-1.9546863284557152,-1.9960534500610092,0.04136712160529399
NNNF|health|a|01,health,P2,16,-2.9682346184143333,-2.8227265353644637,-0.14550808304986962
NNNF|health|a|01,health,P2,17,-1.66736528140436,-1.5273380303390947,-0.14002725106526537
NNNF|health|a|01,health,P2,18,-2.2156240018008817,-1.944117008098832,-0.2715069937020498
NNNF|health|a|01,health,P2,19,-2.231546647603437,-2.2235731761731694,-0.007973471430267498
NNNF|health|a|01,health,P2,20,-1.613232815724508,-1.730552490604145,0.11731967487963701
NNNF|health|a|01,health,P2,21,-1.9094296146034777,-2.0604489497414296,0.15101933513795185
NNNF|health|a|01,health,P2,22,-1.5018979744144807,-1.5235033962935438,0.021605421879063114
NNNF|health|a|01,health,P2,23,-1.6275010438721174,-1.3639592420418287,-0.26354180183028864
NNNF|health|a|01,health,P2,24,0.41494380125555347,0.6879330900785976,-0.27298928882304413
NNNF|health|a|01,health,P2,25,0.8835652481430366,1.043249044216359,-0.15968379607332228
NNNF|health|a|01,health,P2,26,2.166725140349137,2.3064990613780134,-0.1397739210288762
NNNF|health|a|01,health,P2,27,1.184750789924415,1.2230703654992583,-0.038319575574843334
NNNF|health|a|01,health,P2,28,0.7468337300626445,0.7595779118908591,-0.012744181828214574
NNNF|health|a|01,health,P2,29,2.963178597307905,3.095537399172393,-0.13235880186448812
NNNF|health|b|01,health,P2,11,1.0648970950336463,1.2363208754118722,-0.17142378037822592
NNNF|health|b|01,health,P2,12,-1.0713995779865904,-0.6895611736874879,-0.38183840429910243
NNNF|health|b|01,health,P2,13,-1.0952201706605929,-0.693786822324867,-0.40143334833572586
NNNF|health|b|01,health,P2,14,-0.7240414739998985,-0.5458634571549712,-0.1781780168449273
NNNF|health|b|01,health,P2,15,-1.0026009298308287,-0.7841534968737687,-0.21844743295706004
NNNF|health|b|01,health,P2,16,-1.4536148346796776,-1.2795530459542561,-0.17406178872542144
NNNF|health|b|01,health,P2,17,-0.43631526101815454,-0.4252132817278566,-0.011101979290297936
NNNF|health|b|01,health,P2,18,-0.709968891024351,-0.6805264632918497,-0.029442427732501275
NNNF|health|b|01,health,P2,19,-1.3574669090818527,-1.2093367571730635,-0.1481301519087892
NNNF|health|b|01,health,P2,20,-0.8936351720231194,-0.8960630052920414,0.0024278332689220417
NNNF|health|b|01,health,P2,21,-0.7579453110339007,-0.8121079905977924,0.05416267956389165
NNNF|health|b|01,health,P2,22,-0.4547846511226261,-0.6350100285602804,0.18022537743765432
NNNF|health|b|01,health,P2,23,0.11072911282038138,-0.10443682157470464,0.21516593439508602
NNNF|health|b|01,health,P2,24,1.519697761585178,1.2365273282533638,0.28317043333181435
NNNF|health|b|01,health,P2,25,1.4007051861649382,1.4525823033842464,-0.05187711721930821
NNNF|health|b|01,health,P2,26,2.560586027068142,2.519631938943763,0.04095408812437906
NNNF|health|b|01,health,P2,27,0.9962903487177386,0.9180818442152556,0.07820850450248296
NNNF|health|b|01,health,P2,28,1.4626752724738372,1.2787605013845122,0.18391477108932497
NNNF|health|b|01,health,P2,29,3.2394757015421334,2.87901191332784,0.3604637882142936
NNNF|tech_support|a|01,tech_support,P2,11,0.18681518723632295,-0.14490672899647877,0.33172191623280173
NNNF|tech_support|a|01,tech_support,P2,12,-1.1153016556545334,-1.4685861074027333,0.3532844517481999
NNNF|tech_support|a|01,tech_support,P2,13,-1.4224136414156239,-1.6796156704438774,0.2572020290282535
NNNF|tech_support|a|01,tech_support,P2,14,-1.735222425694848,-1.8207032072103595,0.08548078151551142
NNNF|tech_support|a|01,tech_support,P2,15,-1.7470280347295013,-2.0839158945418887,0.33688785981238745
NNNF|tech_support|a|01,tech_support,P2,16,-2.357025053682044,-2.7229303858618463,0.3659053321798025
NNNF|tech_support|a|01,tech_support,P2,17,-3.2218005832309253,-3.5078988677316727,0.28609828450074737
NNNF|tech_support|a|01,tech_support,P2,18,-3.3187575809744114,-3.691730241005876,0.37297266003146445
NNNF|tech_support|a|01,tech_support,P2,19,-3.837724832932068,-4.234361183148025,0.39663635021595667
NNNF|tech_support|a|01,tech_support,P2,20,-6.536390536172563,-7.138848304058484,0.6024577678859204
NNNF|tech_support|a|01,tech_support,P2,21,-4.118184909683143,-4.5023102938776525,0.38412538419450915
NNNF|tech_support|a|01,tech_support,P2,22,-5.076177833179031,-5.415509578705256,0.33933174552622525
NNNF|tech_support|a|01,tech_support,P2,23,-3.2611227874346427,-3.937069518621864,0.6759467311872212
NNNF|tech_support|a|01,tech_support,P2,24,-2.3816507458278644,-3.1097597549792053,0.7281090091513409
NNNF|tech_support|a|01,tech_support,P2,25,-1.4198220092380474,-2.20865617649242,0.7888341672543728
NNNF|tech_support|a|01,tech_support,P2,26,-1.4755515456511834,-1.987296449413247,0.5117449037620636
NNNF|tech_support|a|01,tech_support,P2,27,-5.955413830876979,-6.451973267441562,0.4965594365645831
NNNF|tech_support|a|01,tech_support,P2,28,-5.590200869807947,-6.303191781763638,0.712990911955691
NNNF|tech_support|a|01,tech_support,P2,29,-4.3278316499929,-4.739330937031837,0.4114992870389367
NNNF|tech_support|b|01,tech_support,P2,11,-0.7627616816667402,-0.6728547318189746,-0.0899069498477656
NNNF|tech_support|b|01,tech_support,P2,12,-1.6680077747779534,-1.6382334060019434,-0.02977436877600992
NNNF|tech_support|b|01,tech_support,P2,13,-1.3446777697222927,-1.4091648109698363,0.06448704124754356
NNNF|tech_support|b|01,tech_support,P2,14,-1.971424957986867,-2.2468631963891332,0.2754382384022662
NNNF|tech_support|b|01,tech_support,P2,15,-2.551484611250344,-2.7145487661522276,0.16306415490188364
NNNF|tech_support|b|01,tech_support,P2,16,-2.8307503620803915,-3.0506472560772435,0.21989689399685197
NNNF|tech_support|b|01,tech_support,P2,17,-3.19811025295231,-3.478611042958976,0.28050079000666583
NNNF|tech_support|b|01,tech_support,P2,18,-2.5495546261720565,-3.2493420091945735,0.699787383022517
NNNF|tech_support|b|01,tech_support,P2,19,-3.125028625984414,-3.362447528466029,0.23741890248161512
NNNF|tech_support|b|01,tech_support,P2,20,-5.172390512673792,-5.422920444319627,0.2505299316458345
NNNF|tech_support|b|01,tech_support,P2,21,-3.3266497145046388,-3.73499015291412,0.4083404384094811
NNNF|tech_support|b|01,tech_support,P2,22,-4.296420941120102,-4.785737970452006,0.4893170293319038
NNNF|tech_support|b|01,tech_support,P2,23,-2.851949752526329,-2.9198573881782703,0.06790763565194124
NNNF|tech_support|b|01,tech_support,P2,24,-1.8928591130952763,-1.9454826605614661,0.0526235474661898
NNNF|tech_support|b|01,tech_support,P2,25,-1.1501984627911155,-1.3611171520084742,0.21091868921735868
NNNF|tech_support|b|01,tech_support,P2,26,-1.2387542846478612,-1.1735158987498053,-0.06523838589805586
NNNF|tech_support|b|01,tech_support,P2,27,-4.976118494125942,-4.699236518938853,-0.2768819751870897
NNNF|tech_support|b|01,tech_support,P2,28,-4.871181382809069,-4.497317499438914,-0.37386388337015486
NNNF|tech_support|b|01,tech_support,P2,29,-3.24692671929577,-2.8018928126798306,-0.4450339066159392
NNNF|travel|a|01,travel,P2,11,0.891123894198765,1.4163231827860296,-0.5251992885872646
NNNF|travel|a|01,travel,P2,12,0.7872185672026293,1.1630178115044436,-0.37579924430181433
NNNF|travel|a|01,travel,P2,13,0.8094394527526622,0.9078435788875655,-0.09840412613490335
NNNF|travel|a|01,travel,P2,14,0.3043764952093033,0.4175846507381439,-0.11320815552884056
NNNF|travel|a|01,travel,P2,15,0.18283745895211767,0.283829448046331,-0.10099198909421331
NNNF|travel|a|01,travel,P2,16,-0.7300545249595927,-0.5675432633262917,-0.16251126163330099
NNNF|travel|a|01,travel,P2,17,0.48413519699129404,0.8329962218339376,-0.3488610248426436
NNNF|travel|a|01,travel,P2,18,0.8145634717396425,0.7296435415061446,0.08491993023349786
NNNF|travel|a|01,travel,P2,19,-0.2126320154464887,-0.3028410217458134,0.09020900629932471
NNNF|travel|a|01,travel,P2,20,-0.5443241955442464,-0.6520648287504354,0.10774063320618898
NNNF|travel|a|01,travel,P2,21,-0.8113687352418716,-0.8982145687104447,0.08684583346857311
NNNF|travel|a|01,travel,P2,22,-0.0016570166199531642,0.07116648697755072,-0.07282350359750389
NNNF|travel|a|01,travel,P2,23,1.2524851170724605,1.331495030805535,-0.07900991373307464
NNNF|travel|a|01,travel,P2,24,2.4143426784806263,2.351016970513815,0.06332570796681125
NNNF|travel|a|01,travel,P2,25,3.4544565857565863,2.7967810265789455,0.6576755591776409
NNNF|travel|a|01,travel,P2,26,3.481444902692421,3.0149558638783596,0.46648903881406145
NNNF|travel|a|01,travel,P2,27,1.2049990916036086,0.646408114730943,0.5585909768726657
NNNF|travel|a|01,travel,P2,28,1.7913019853063266,1.337832813875334,0.45346917143099263
NNNF|travel|a|01,travel,P2,29,1.8260462068720116,1.2899481843511023,0.5360980225209093
NNNF|work|a|01,work,P2,11,-0.2583459775581052,-0.4005262779340668,0.14218030037596163
NNNF|work|a|01,work,P2,12,-1.0700433726809133,-1.1989694459313274,0.12892607325041405
NNNF|work|a|01,work,P2,13,-0.08640181830693346,-0.11094476229845797,0.024542943991524513
NNNF|work|a|01,work,P2,14,0.3078806166991873,-0.05913167454591416,0.3670122912451015
NNNF|work|a|01,work,P2,15,0.1592896124030598,-0.009918754604557791,0.1692083670076176
NNNF|work|a|01,work,P2,16,-0.23391962282778556,-0.33845711009903384,0.10453748727124829
NNNF|work|a|01,work,P2,17,0.2167333613450515,0.11243540057632201,0.10429796076872949
NNNF|work|a|01,work,P2,18,0.07884517837931006,-0.1104414151452716,0.18928659352458166
NNNF|work|a|01,work,P2,19,-0.2146834092752266,-0.4816083562816757,0.2669249470064491
NNNF|work|a|01,work,P2,20,0.9984944365847654,0.39592066807685045,0.602573768507915
NNNF|work|a|01,work,P2,21,-0.38058731961068665,-0.6344711054638215,0.2538837858531348
NNNF|work|a|01,work,P2,22,2.2951938495343325,1.859104106413137,0.4360897431211954
NNNF|work|a|01,work,P2,23,2.1407777741332485,2.289980675708948,-0.14920290157569926
NNNF|work|a|01,work,P2,24,2.9770475384543675,3.268691408363227,-0.29164386990885927
NNNF|work|a|01,work,P2,25,3.3213990415556904,3.428812263029986,-0.10741322147429555
NNNF|work|a|01,work,P2,26,3.32004795809238,3.6372176641053633,-0.31716970601298344
NNNF|work|a|01,work,P2,27,4.640550867962413,4.7923357856416535,-0.1517849176792403
NNNF|work|a|01,work,P2,28,3.0176695885094276,3.4910331456169503,-0.47336355710752276
NNNF|work|a|01,work,P2,29,3.5212480436345044,4.12815073829282,-0.606902694658316
NNNF|work|b|01,work,P2,11,0.537313776593021,0.11197262527000879,0.42534115132301226
NNNF|work|b|01,work,P2,12,-0.4459976404271866,-0.8261750875729414,0.38017744714575485
NNNF|work|b|01,work,P2,13,0.25304909608571624,-0.14860221535483614,0.4016513114405524
NNNF|work|b|01,work,P2,14,-0.15349614551132762,-0.178183529302815,0.024687383791487383
NNNF|work|b|01,work,P2,15,-0.5385590696855944,-0.45348956243530963,-0.08506950725028478
NNNF|work|b|01,work,P2,16,-0.9575482706355296,-0.8735697548171183,-0.08397851581841131
NNNF|work|b|01,work,P2,17,-0.426725589594946,-0.43139955230988464,0.00467396271493864
NNNF|work|b|01,work,P2,18,-0.4440526209051586,-0.35113482526983186,-0.09291779563532676
NNNF|work|b|01,work,P2,19,-0.49307117119803795,-0.653094101173896,0.16002292997585804
NNNF|work|b|01,work,P2,20,0.655996523381509,0.6571686450479521,-0.0011721216664430933
NNNF|work|b|01,work,P2,21,-0.524083187779707,-0.5884259047928881,0.06434271701318117
NNNF|work|b|01,work,P2,22,2.069403858604148,1.9234492441385365,0.14595461446561164
NNNF|work|b|01,work,P2,23,1.6057214196722405,1.486456317312991,0.11926510235924948
NNNF|work|b|01,work,P2,24,2.8320196688852275,2.712948910154409,0.1190707587308184
NNNF|work|b|01,work,P2,25,3.4420898333560777,3.2480291679380615,0.19406066541801614
NNNF|work|b|01,work,P2,26,3.5522043644867125,3.172091632756548,0.38011273173016447
NNNF|work|b|01,work,P2,27,4.035300291447252,3.8957666431600733,0.13953364828717918
NNNF|work|b|01,work,P2,28,2.412841312332487,2.406016987572656,0.006824324759831413
NNNF|work|b|01,work,P2,29,2.6883474481812524,3.122762242877114,-0.4344147946958614
NNNF|health|a|02,health,P2,11,0.061662990928996506,-0.030199531957127115,0.09186252288612362
NNNF|health|a|02,health,P2,12,-1.8561769006324704,-1.9605771712235922,0.10440027059112178
NNNF|health|a|02,health,P2,13,-1.3576012320633368,-1.4939839488855453,0.13638271682220848
NNNF|health|a|02,health,P2,14,-1.3683032519438365,-1.4579221723721991,0.08961892042836261
NNNF|health|a|02,health,P2,15,-1.6202969507301292,-1.7053714018877757,0.08507445115764645
NNNF|health|a|02,health,P2,16,-2.4756311247866694,-2.6860991153846383,0.21046799059796895
NNNF|health|a|02,health,P2,17,-1.2734231626348995,-1.3420616227447355,0.06863846010983599
NNNF|health|a|02,health,P2,18,-1.9253185303441096,-2.0226096310593444,0.09729110071523484
NNNF|health|a|02,health,P2,19,-1.99744692209483,-2.2253503146358256,0.22790339254099545
NNNF|health|a|02,health,P2,20,-1.4061702317094609,-1.5664287659250549,0.160258534215594
NNNF|health|a|02,health,P2,21,-1.637074681355278,-1.8550010881182064,0.21792640676292852
NNNF|health|a|02,health,P2,22,-1.134957396889296,-1.241860157042289,0.10690276015299283
NNNF|health|a|02,health,P2,23,-1.3060402133650104,-1.2086066921170013,-0.09743352124800908
NNNF|health|a|02,health,P2,24,0.7070805130126727,0.9782944372656353,-0.27121392425296253
NNNF|health|a|02,health,P2,25,1.0075839274739868,1.2153834802530457,-0.20779955277905882
NNNF|health|a|02,health,P2,26,2.297875732377002,2.4854599506368813,-0.18758421825987925
NNNF|health|a|02,health,P2,27,1.547685874265794,1.8279843645187406,-0.2802984902529466
NNNF|health|a|02,health,P2,28,1.3040419930452645,1.5609422815106475,-0.25690028846538304
NNNF|health|a|02,health,P2,29,3.268570184625299,3.6063643305501896,-0.33779414592489054
NNNF|health|b|02,health,P2,11,1.169140909594004,0.6128809615522277,0.5562599480417763
NNNF|health|b|02,health,P2,12,-0.8277093783160085,-1.303211945758399,0.4755025674423905
NNNF|health|b|02,health,P2,13,-1.0741464963181173,-1.1991844752409617,0.1250379789228444
NNNF|health|b|02,health,P2,14,-0.6493265833562563,-0.8565065035686695,0.20717992021241327
NNNF|health|b|02,health,P2,15,-0.9361235886672736,-1.0098672265410578,0.07374363787378413
NNNF|health|b|02,health,P2,16,-1.4438907115247503,-1.5788429553705645,0.13495224384581417
NNNF|health|b|02,health,P2,17,-0.32050550730518607,-0.6327979018459231,0.31229239454073704
NNNF|health|b|02,health,P2,18,-0.6190436760024226,-1.0479730372144442,0.42892936121202163
NNNF|health|b|02,health,P2,19,-1.1904467834352186,-1.4915535031654488,0.3011067197302302
NNNF|health|b|02,health,P2,20,-0.6808102997661901,-1.238388098261713,0.5575777984955229
NNNF|health|b|02,health,P2,21,-0.5691553210285851,-1.2882813335227716,0.7191260124941865
NNNF|health|b|02,health,P2,22,-0.3459979966754858,-1.1986204188579976,0.8526224221825118
NNNF|health|b|02,health,P2,23,0.23523971804990326,-0.7363442877590529,0.9715840058089562
NNNF|health|b|02,health,P2,24,1.6954459960688668,0.7688371719702789,0.9266088240985879
NNNF|health|b|02,health,P2,25,1.8057207475603718,0.6700973517996255,1.1356233957607462
NNNF|health|b|02,health,P2,26,3.135390865224457,1.8569036209264493,1.2784872442980078
NNNF|health|b|02,health,P2,27,1.7552288622832841,0.46402736239035824,1.2912014998929258
NNNF|health|b|02,health,P2,28,2.064222055005053,0.766971756663733,1.29725029834132
NNNF|health|b|02,health,P2,29,3.8984705803297204,2.456138627580263,1.4423319527494574
NNNF|tech_support|a|02,tech_support,P2,11,0.41076348546371083,0.2672787322969239,0.14348475316678694
NNNF|tech_support|a|02,tech_support,P2,12,-1.0650866406744999,-1.2897886328019375,0.22470199212743758
NNNF|tech_support|a|02,tech_support,P2,13,-1.4430033593046432,-1.5045335191490081,0.06153015984436494
NNNF|tech_support|a|02,tech_support,P2,14,-1.7242932062623724,-1.879810629466264,0.1555174232038916
NNNF|tech_support|a|02,tech_support,P2,15,-1.6375244037932615,-1.8383562193386531,0.20083181554539165
NNNF|tech_support|a|02,tech_support,P2,16,-2.1877836913723536,-2.6721791294409574,0.48439543806860375
NNNF|tech_support|a|02,tech_support,P2,17,-3.0765345963591044,-3.3365456262346114,0.26001102987550695
NNNF|tech_support|a|02,tech_support,P2,18,-2.8603312413148045,-3.303180731149483,0.4428494898346784
NNNF|tech_support|a|02,tech_support,P2,19,-3.536780723670177,-3.979433315184437,0.44265259151426006
NNNF|tech_support|a|02,tech_support,P2,20,-6.098780249298918,-6.785393232720972,0.6866129834220542
NNNF|tech_support|a|02,tech_support,P2,21,-3.765398722949475,-4.176476425663541,0.41107770271406574
NNNF|tech_support|a|02,tech_support,P2,22,-4.786349454526919,-5.013762097322868,0.22741264279594908
NNNF|tech_support|a|02,tech_support,P2,23,-3.024062819121353,-3.470258682416883,0.4461958632955296
NNNF|tech_support|a|02,tech_support,P2,24,-2.283644945816411,-2.7206809666311713,0.4370360208147601
NNNF|tech_support|a|02,tech_support,P2,25,-1.4650991723260889,-1.8520158114859198,0.3869166391598309
NNNF|tech_support|a|02,tech_support,P2,26,-1.4546026790018391,-1.6557030922391285,0.20110041323728933
NNNF|tech_support|a|02,tech_support,P2,27,-5.332099496353014,-5.651420010915271,0.3193205145622571
NNNF|tech_support|a|02,tech_support,P2,28,-4.872497264002189,-5.331264672754298,0.45876740875210853
NNNF|tech_support|a|02,tech_support,P2,29,-3.8372281980685217,-4.091950240810089,0.2547220427415673
NNNF|tech_support|b|02,tech_support,P2,11,-0.48088768174610336,-0.9971058129540088,0.5162181312079055
NNNF|tech_support|b|02,tech_support,P2,12,-1.4736800958820606,-2.2022291476612015,0.7285490517791409
NNNF|tech_support|b|02,tech_support,P2,13,-1.4111180056610162,-1.8319332599119087,0.4208152542508925
NNNF|tech_support|b|02,tech_support,P2,14,-1.8256835151302893,-2.495067701338835,0.6693841862085459
NNNF|tech_support|b|02,tech_support,P2,15,-2.4218556542394953,-2.6790006443569827,0.25714499011748737
NNNF|tech_support|b|02,tech_support,P2,16,-2.961969349112251,-3.2530336717830997,0.2910643226708487
NNNF|tech_support|b|02,tech_support,P2,17,-3.2120144730058082,-3.664404825389917,0.45239035238410885
NNNF|tech_support|b|02,tech_support,P2,18,-2.636462935746108,-3.092294924948891,0.4558319892027831
NNNF|tech_support|b|02,tech_support,P2,19,-3.2578414902029382,-3.50872265572671,0.2508811655237717
NNNF|tech_support|b|02,tech_support,P2,20,-5.4248943828807565,-5.704465252283004,0.2795708694022476
NNNF|tech_support|b|02,tech_support,P2,21,-3.5087442321054825,-3.8499434862912505,0.341199254185768
NNNF|tech_support|b|02,tech_support,P2,22,-4.620100903204131,-4.754368236999026,0.1342673337948952
NNNF|tech_support|b|02,tech_support,P2,23,-2.982394624900754,-3.0261985735200114,0.043803948619257405
NNNF|tech_support|b|02,tech_support,P2,24,-2.0294322146639305,-2.118077917082372,0.08864570241844127
NNNF|tech_support|b|02,tech_support,P2,25,-1.0984911723426227,-1.5326067339149703,0.43411556157234754
NNNF|tech_support|b|02,tech_support,P2,26,-1.1659987543078605,-1.2892961547036133,0.12329740039575277
NNNF|tech_support|b|02,tech_support,P2,27,-5.063395100724691,-4.820006811696967,-0.24338828902772391
NNNF|tech_support|b|02,tech_support,P2,28,-4.871510293897338,-4.80863015489503,-0.06288013900230816
NNNF|tech_support|b|02,tech_support,P2,29,-3.1219705032256293,-3.376632957139383,0.25466245391375386
NNNF|travel|a|02,travel,P2,11,1.1520286750812776,1.0506394301469688,0.10138924493430879
NNNF|travel|a|02,travel,P2,12,1.1003294303332765,0.8776050300657923,0.2227244002674842
NNNF|travel|a|02,travel,P2,13,1.315298403743587,1.0622039164047863,0.2530944873388008
NNNF|travel|a|02,travel,P2,14,0.802933951219161,0.37783627880520926,0.42509767241395174
NNNF|travel|a|02,travel,P2,15,0.5562218120008301,0.3190824154776164,0.2371393965232137
NNNF|travel|a|02,travel,P2,16,-0.6033222909842059,-0.7919599373255369,0.18863764634133107
NNNF|travel|a|02,travel,P2,17,0.8719617938412498,0.5742251825454522,0.29773661129579765
NNNF|travel|a|02,travel,P2,18,1.3342976750994833,0.7336841663759038,0.6006135087235794
NNNF|travel|a|02,travel,P2,19,0.34035813846266705,-0.027891928825333583,0.36825006728800064
NNNF|travel|a|02,travel,P2,20,-0.12446636323895179,-0.3247702269608345,0.20030386372188275
NNNF|travel|a|02,travel,P2,21,-0.47236393723091774,-0.685841651475277,0.21347771424435924
NNNF|travel|a|02,travel,P2,22,0.505118164204916,0.3838051752183483,0.12131298898656767
NNNF|travel|a|02,travel,P2,23,1.9298436479993988,1.8977687283251343,0.03207491967426446
NNNF|travel|a|02,travel,P2,24,3.0769065170305203,2.8889032592864767,0.18800325774404358
NNNF|travel|a|02,travel,P2,25,3.87437389402222,3.5862058977672517,0.28816799625496836
NNNF|travel|a|02,travel,P2,26,3.8491884324283445,3.5583232884940377,0.29086514393430685
NNNF|travel|a|02,travel,P2,27,2.1865942999615906,1.8815608325904014,0.3050334673711892
NNNF|travel|a|02,travel,P2,28,2.608561391693258,2.480844751800235,0.1277166398930234
NNNF|travel|a|02,travel,P2,29,2.076378107420287,2.0854108846749666,-0.009032777254679658
NNNF|work|a|02,work,P2,11,-0.31936906869794046,-0.33971032304527665,0.02034125434733619
NNNF|work|a|02,work,P2,12,-1.092077978261446,-1.2100442990242726,0.11796632076282654
NNNF|work|a|02,work,P2,13,-0.24488775212677588,-0.11692083654013753,-0.12796691558663836
NNNF|work|a|02,work,P2,14,0.14311144198817594,0.19743423924103276,-0.054322797252856825
NNNF|work|a|02,work,P2,15,0.28744387675805144,0.29828471270439366,-0.01084083594634222
NNNF|work|a|02,work,P2,16,-0.28191429390543515,-0.3230921805503458,0.04117788664491062
NNNF|work|a|02,work,P2,17,0.35377317697602667,0.18845079268177156,0.1653223842942551
NNNF|work|a|02,work,P2,18,0.05197594326078166,-0.13251515962615337,0.18449110288693504
NNNF|work|a|02,work,P2,19,-0.3279853532439793,-0.6100555240228527,0.28207017077887336
NNNF|work|a|02,work,P2,20,0.5375023874035807,0.400944547617139,0.1365578397864417
NNNF|work|a|02,work,P2,21,-0.49554809807875894,-0.6090836509179498,0.11353555283919087
NNNF|work|a|02,work,P2,22,2.4324058563443383,2.0328844283784435,0.39952142796589474
NNNF|work|a|02,work,P2,23,2.5830380103752035,2.1654243651350606,0.4176136452401429
NNNF|work|a|02,work,P2,24,3.4331740852553385,2.8080052360325714,0.6251688492227672
NNNF|work|a|02,work,P2,25,3.650699055280782,3.235522316867303,0.415176738413479
NNNF|work|a|02,work,P2,26,3.7911550884003886,3.6045260315016647,0.1866290568987239
NNNF|work|a|02,work,P2,27,5.227699831767656,4.919134949262264,0.30856488250539194
NNNF|work|a|02,work,P2,28,3.2801553332430293,3.026313376099962,0.25384195714306745
NNNF|work|a|02,work,P2,29,3.7816669475495024,3.7654998203159327,0.016167127233569722
