position,turn,layer,n_pairs,SSSF_mean,SSSF_sd,NNNF_mean,NNNF_sd,HHHF_mean,HHHF_sd,SSHF_mean,SSHF_sd,dz_SSSF_NNNF,dz_HHHF_NNNF,dz_SSHF_NNNF,dz_SSHF_SSSF
eot_u_1,1,0,160,7.6652377922288055,3.050472590097963,4.471412903690089,1.7634571232826837,-6.394236431681126,1.9582643456069553,7.6683864299820215,3.028002721543938,1.0950805120859466,-3.893385626786524,1.103423818798208,0.05508809009581492
eot_u_1,1,1,160,8.16583586031355,3.4638530367784446,-0.03376853561614608,2.8402094638439896,-6.163923981579502,0.9555706331593844,8.155846785839664,3.4933523074703543,2.619820446115237,-1.9631354551241127,2.587673028696726,-0.11525594030006399
eot_u_1,1,2,160,7.371940097033156,1.515099029196373,-3.9133926192073174,2.119359294569782,-6.546425396269379,0.8436205523007344,7.371801208190026,1.5226486045105767,5.883077093227167,-1.1873864438571842,5.8607763601801235,-0.002610792130456047
eot_u_1,1,3,160,7.211010269096488,1.0314147721994995,-5.865029318576086,2.463856817444689,-6.677642853330747,0.9837896282910553,7.220912983807892,1.0357028026847133,4.726173474736881,-0.28790757429595226,4.730079624385632,0.31440756848643286
eot_u_1,1,4,160,7.24683042412227,0.8636288358454769,-5.101755675196658,4.173598823918841,-6.793884894431426,1.159455090566395,7.244110566376503,0.8734609723716389,2.7357695724801117,-0.3533227947861178,2.730416334834633,-0.080986700922647
eot_u_1,1,5,160,7.393123776044516,1.0054507735213236,-4.7290008947613975,4.144702791504982,-6.990335058524546,1.3826738096633844,7.392540824826774,1.0084967524513362,2.6734066116582498,-0.46516163665486426,2.6715787308262278,-0.021229486077712394
eot_u_1,1,6,160,8.5366181981757,1.3331376447287007,-3.0760878591353764,2.3806041788660206,-7.45576957379333,0.8592761547040998,8.54206142807349,1.3305461179073717,3.3969334697763838,-1.6150972465151265,3.405191070390146,0.1801994867855972
eot_u_1,1,7,160,8.318195097054675,0.7409971612366937,-1.8758579246344838,3.096285353331885,-7.44245080270196,1.264869093661315,8.322384936404138,0.7401512667830189,2.9017788060001988,-1.4438743157655074,2.9083232347140777,0.17609207008566696
eot_u_1,1,8,160,8.255887149462069,0.844653124245754,-1.2417910723776717,2.875713025446036,-7.51644856822778,1.5117276600548952,8.262507678635966,0.8364753925171173,2.85874873087334,-1.756880370478612,2.867801593804373,0.24539098144594387
eot_u_1,1,9,160,8.081120278830706,0.7719295186407705,-1.9219073727355933,2.804672156811582,-7.462957578058902,1.1011323691747579,8.08901666056506,0.7630063379131371,2.986865820279565,-1.569927864101631,2.9977130991291987,0.2604606112626301
eot_u_1,1,10,160,8.262001680713304,0.9150297137215843,-2.37107636306899,2.948541056307973,-7.5537341696171065,0.8966466635947288,8.263369278350302,0.916205034050525,3.178846257909508,-1.4725175418037821,3.178727451270127,0.05358191290107101
eot_u_1,1,11,160,8.14201165892705,0.7570937986086725,-2.8642871256841893,3.1567577526321906,-7.513997101788474,0.9762360023900026,8.147596796563032,0.7571782813879461,3.0251192748146645,-1.2248599694321225,3.029845780576866,0.192339220414075
eot_u_1,1,12,160,8.093774759900375,0.7433042409592096,-3.9093939771128263,3.151457245180142,-7.482128686701013,0.9723634493370309,8.096382468461286,0.7454368079793271,3.3477426694463213,-0.9718837180906064,3.3515200074474607,0.07291819237356881
eot_u_1,1,13,160,7.92869361538592,0.6370547909300954,-4.154880671912555,3.1116387225557762,-7.521156724484785,0.9780797073299136,7.932214461451117,0.6405303767739153,3.5772488475179935,-0.940348093003098,3.5820568888309676,0.09703794664414934
eot_u_1,1,14,160,7.894248299951701,0.8132111756538191,-4.630084805947746,2.8939588611625817,-7.496647675837503,1.0045429473152074,7.8957950892454445,0.8093871596052669,3.929204017639217,-0.8250807661338261,3.932583804011764,0.049358817732263485
eot_u_1,1,15,160,7.96565358106979,0.9350399001168492,-4.879172371343526,2.685785085008068,-7.440673793435205,1.0199385256517322,7.9667119201846806,0.9309522263035769,4.255606380256892,-0.7783708943634239,4.2609297099517915,0.0358999979436255
eot_u_1,1,16,160,8.132070857379139,1.0581114276204957,-4.676178607946245,2.4077481354997006,-7.543590138699687,0.9521433030267724,8.131796316704275,1.0514974732226783,4.488806841254587,-0.9497339155597174,4.497691158730927,-0.009859030979195589
eot_u_1,1,17,160,8.00862899010597,1.0318282419628289,-4.631274878006325,2.434924396979855,-7.319383227057893,0.7867668608809585,8.008693796072496,1.0240891835465984,4.516408670857529,-0.9114418062225079,4.524030419831931,0.0016232732876075523
eot_u_1,1,18,160,8.023210768654087,0.9354538525260058,-4.554127499069888,2.153719441589489,-7.357929247803154,0.6886060107812605,8.027920874463547,0.9340864735795104,5.07438660841413,-1.0867724870668416,5.080908886221142,0.10591774121880103
eot_u_1,1,19,160,8.21583351577886,1.0741622947236278,-4.323361023766089,2.4242977734619773,-7.328645047516735,0.8387504620690807,8.220002930765265,1.0657861663584285,4.50455665570729,-1.042443602945493,4.517726308752724,0.07071583424335438
eot_u_1,1,20,160,7.897432768937392,1.1582572807525833,-4.989704173251913,2.6238813923128315,-7.334684621720996,0.9017451436267859,7.905820120884686,1.1534537474271325,4.133186307162322,-0.7514040118025178,4.146344399583256,0.1496785648545758
eot_u_1,1,21,160,7.944328966471001,1.1874322997617885,-5.500280205123529,2.8767441890125256,-7.3975521242913915,0.9729291232138059,7.945679836396247,1.1777955355738357,3.8302814540421513,-0.5475149975195674,3.8439737543726844,0.02097493994396583
eot_u_1,1,22,160,8.075923282276639,1.377693121578049,-4.937562099499359,3.380148992728352,-7.406853141336152,1.0217946117492094,8.072271014817325,1.3601295988702211,3.2593643689901097,-0.6177641259667636,3.2702894491259364,-0.05540142467463733
eot_u_1,1,23,160,8.25409964395558,1.5054144207679843,-5.155676743602543,3.506217725109419,-7.315253056368958,0.966021619827278,8.248929665628301,1.4883809259288676,3.1903851563332175,-0.5236127602817359,3.2017464209486817,-0.07288519579352613
eot_u_1,1,24,160,8.033920656273601,1.3527842908478527,-5.185421989109018,3.4969351657454903,-7.2850502503448435,1.0128156264398447,8.033425101447282,1.3411467747319916,3.2262306080626835,-0.5040604114536896,3.2431116279357517,-0.007154740963716593
eot_u_1,1,25,160,8.206587087694285,1.4824125337855913,-5.320252786786064,3.6380906446505517,-7.278341491457212,1.0462768612057705,8.203763896118222,1.4639045095595535,3.09284187956615,-0.4526865746422528,3.1086843815977447,-0.04122717315414992
eot_u_1,1,26,160,8.207156234836962,1.477025260919988,-5.160650510824219,3.7402401444602185,-7.195689965894782,1.0108226788054782,8.203277912416963,1.458975221189345,3.0259176143010507,-0.47026676346016977,3.0414997200042184,-0.05574457450957055
eot_u_1,1,27,160,8.116363042166078,1.4557503126205016,-4.907458764625785,3.716656683443082,-7.235136395513706,1.0815709265780529,8.11066416970926,1.4402904401465562,2.8990513524537413,-0.5367522270018796,2.9102391150624,-0.07905822732427767
eot_u_1,1,28,160,8.197039489931912,1.4799981220575433,-5.245240853669541,3.7764697460592767,-7.236411159194614,1.1167125027233913,8.19346463583799,1.4600220471174075,2.9667795540204716,-0.4465899586711213,2.9804237117193155,-0.045455820444944846
eot_u_1,1,29,160,8.158166333415355,1.489785593070018,-5.862995505493135,3.733052385270479,-7.311211719108381,1.270884983344001,8.159453365924223,1.4674707184892355,3.1119692670028747,-0.32089145181065276,3.127894472745425,0.01322378132628805
eot_u_1,1,30,160,8.205741052633932,1.5650192230633502,-5.8851694898847535,3.8194131146557293,-7.256083209923004,1.291786491834437,8.205156648587366,1.5442105483166333,3.119842052751573,-0.2984381358273256,3.1341639497914304,-0.005693685626187177
eot_u_1,1,31,160,8.05766455177798,1.538213515576571,-6.022831312540354,3.6695307924637155,-7.23632931027147,1.2393449647829538,8.054178726261615,1.5181278556796716,3.1881494208960652,-0.27702933152700543,3.1961707693917276,-0.034378389268883515
eot_u_2,2,0,160,-2.6029991467524507,2.920200004360454,-5.651065312308967,2.905950867828899,-12.162409968317366,2.0098338144498458,-2.788983025417468,2.841631065677737,0.6693665640458698,-1.9142756403623764,0.6428601752593007,-0.06131773345514237
eot_u_2,2,1,160,4.5628181150446645,2.237373314894451,-3.3921401802904745,3.211327129596828,-7.731157669853397,2.464580845930457,4.330071949955813,2.353811972671688,3.0672099530854084,-1.0480054345199317,3.2939398175730568,-0.12964397192281754
eot_u_2,2,2,160,4.207250631208765,0.9810779214768419,-7.1899532887644355,3.094679934956986,-8.923734060195772,2.067761277141146,4.241656359710902,1.0842039555533818,4.099620074351016,-0.5905238325320099,4.075860740894607,0.03499826203185601
eot_u_2,2,3,160,6.609361951465987,1.3705660930549846,-4.950332461437171,1.9215581025905506,-6.120823365917845,1.3946756925933017,6.601917678687518,1.4934668883710165,5.157724521929354,-0.4769074712521319,4.957373298027819,-0.00966532664376692
eot_u_2,2,4,160,5.852896906365915,1.4454225246763235,-4.488788519066553,2.4882763157371626,-5.79358095933488,1.396864367104789,5.7914148028422705,1.5088985596387412,4.501288936193532,-0.4474919694032012,4.330929511311269,-0.08403925541036521
eot_u_2,2,5,160,6.807936662310238,2.0250435079979567,-4.611638374226634,1.6857911870955553,-5.449830547119408,1.2973741976173974,6.715806133636951,2.0736895581585135,3.570756897317124,-0.36332131063953743,3.450977867878,-0.14208365973124037
eot_u_2,2,6,160,5.924334470146653,1.4010939593361993,-5.676982774065962,1.9591619185131945,-8.835695755247428,0.834213607580596,5.880560745277218,1.4082765934931392,4.263635986732007,-1.5988943566503286,4.207077921262334,-0.09162512175239428
eot_u_2,2,7,160,6.624485742786692,1.0241900321700759,-3.285776821292896,2.221298224622705,-7.303203749380427,0.7422649751627568,6.574015398971644,1.0296403420929852,4.0601652923630525,-1.764704173720841,3.955312364211945,-0.11708728912411528
eot_u_2,2,8,160,7.420812782705113,1.209449581753735,-3.1968727262343535,1.7359442356880976,-6.408947502234007,0.6343461574769741,7.392932565124431,1.230869357161422,6.40831635371533,-1.6236008810640419,6.204198746201318,-0.06107243364825146
eot_u_2,2,9,160,7.164889953716388,0.9899120444960734,-3.4800987520913793,1.9717476185691702,-5.423991953924086,0.7086309667794759,7.166631433158227,1.0296717803716497,4.84573278743075,-0.879951601628435,4.857556981529982,0.003778331376221194
eot_u_2,2,10,160,6.119809170733513,0.9208470655561389,-3.691175330270771,1.6260518687971972,-6.048326384022087,0.6000406301026632,6.116915285761818,0.9160091316616314,5.04163368901471,-1.1843793599394374,5.130240975703522,-0.00827377052822478
eot_u_2,2,11,160,6.2613600392995306,0.9353789254763696,-3.405880013220589,1.5253404003848372,-5.377499255670831,0.42264264897781423,6.231927259303752,0.9491845078356801,5.654385092594838,-1.2518266320493414,5.701351772764657,-0.07025441544223311
eot_u_2,2,12,160,7.19220259486289,0.9917265800299788,-4.302089688856554,1.5801670513590789,-5.307094143857826,0.7557665545538654,7.167187923304203,0.9825943800863391,5.855068101176582,-0.5778093082818254,5.91726986770239,-0.05234165933374747
eot_u_2,2,13,160,7.63366295116977,1.2557203045600127,-3.821592040049969,1.6864401302550034,-4.196742507403732,0.9167510516122982,7.604137853327646,1.266925194460468,5.209262933325898,-0.19158023558928855,5.11792322833918,-0.058287748977772315
eot_u_2,2,14,160,7.736267263774289,1.2113790074494946,-3.333584065013949,1.4330716708015376,-4.1464571047937255,1.167105180925916,7.713126652360167,1.1969571817468607,6.567126430284157,-0.40606317537187314,6.514770543957877,-0.05320107601052956
eot_u_2,2,15,160,8.04598503974175,1.4514793217413187,-3.229960516225063,1.5950378491253532,-3.876266145252388,1.181713114692766,8.029778514511406,1.4347623570660775,6.265067519537992,-0.33729395414145985,6.096804499344963,-0.028821449544244843
eot_u_2,2,16,160,7.974884453802415,1.5662512902576262,-3.577494138965035,1.6846807946165163,-4.422495476145596,1.0623228612184472,7.9556244866242,1.5437728176248773,5.9640707729781495,-0.4136169123423786,5.81200103016966,-0.031155064207040523
eot_u_2,2,17,160,7.657986004331372,1.6207549336804248,-3.4640203091552513,1.637348056477708,-4.305175103836254,0.8527249091451415,7.646743464796179,1.5789859410934866,5.739917086634104,-0.38752381849202433,5.62735838335267,-0.01902503955921937
eot_u_2,2,18,160,8.044927395435355,1.2695295476678095,-3.770378057106811,1.625492737877488,-4.569661205700443,0.8223590402434505,8.059242303332244,1.227452206780812,6.441149150380822,-0.36967152447017304,6.3299693356960125,0.023281791257462978
eot_u_2,2,19,160,8.211008877125332,1.444895897149663,-3.9302567944290616,1.6786183008676026,-5.113771931518838,0.6842383384974192,8.20968925503189,1.3853366534250013,6.495641679775575,-0.567759700476035,6.403217440610888,-0.0018229418616923405
eot_u_2,2,20,160,7.8364865243838295,1.4361554501195493,-3.485330224181434,1.4489412759951232,-4.321376542282618,0.7290600684801399,7.838228499818683,1.39071158671963,6.18123873238351,-0.4323351899885604,6.198549021877392,0.002394067116594286
eot_u_2,2,21,160,7.614374464853503,1.5775157072930062,-3.2196739023931875,1.1282718802079719,-3.5703944757116433,0.6942091446186861,7.59830934501615,1.5145484865736418,6.365907709334782,-0.2155434889304817,6.475305693501293,-0.02133110216363636
eot_u_2,2,22,160,5.40040554834831,1.5840122838850603,-3.6004673403459706,0.7843287234906504,-4.12484199559224,0.7792363935476558,5.374382381688597,1.5235542074478372,5.293722383781271,-0.3712640745494253,5.374907485515483,-0.03255882707972257
eot_u_2,2,23,160,5.717469416742718,1.4480432476602698,-3.8661612775798133,0.9073339491227495,-3.945873630530785,0.6697274141197866,5.656725205070843,1.389318623530466,5.918695239816284,-0.05719303592215012,5.919901880535553,-0.08010726780633175
eot_u_2,2,24,160,4.934048208601716,1.4995816061538854,-3.627986568910729,0.7958951650322615,-4.077397419505205,0.6189402277437994,4.889474929861427,1.4389619979441561,4.6256312275571325,-0.39984289296214304,4.658036422110913,-0.05871049517784871
eot_u_2,2,25,160,4.731008018242308,1.4699973595995883,-3.5247021170144883,0.6628587830823867,-3.976605968042476,0.5605067380711433,4.693876117728242,1.4465768257647367,4.800520499695449,-0.4439163664042338,4.735289797936042,-0.047770120648875564
eot_u_2,2,26,160,4.309680443456459,1.5994600364194234,-3.5112786034643704,0.7481539203032569,-4.326583364080035,0.6403922510618122,4.259151194042957,1.5597393763153489,3.9837101867590663,-0.8160050609189486,3.975405019658768,-0.06642310410169136
eot_u_2,2,27,160,4.1803001212862885,1.3431072778634048,-2.9186599608715804,0.7269366800540578,-4.077303628993311,0.598880963909792,4.158482658536829,1.305033737658491,3.895261510997219,-1.4174699635685415,3.902433993139836,-0.027263291021574654
eot_u_2,2,28,160,3.636138601589818,1.4177657694592896,-3.3238334234226388,0.7856596823595272,-4.234763163731737,0.6298580739575698,3.624975191847331,1.3729811260012954,3.6355871810822933,-1.083570727656596,3.6728571473053715,-0.013741700683633474
eot_u_2,2,29,160,3.1395798117782285,1.3022081118533344,-4.463225564587883,1.1226565147667968,-4.797212916537523,0.6630280117325863,3.1034792642488176,1.271892079450386,3.7752789140937506,-0.3082051890466832,3.7719360017669725,-0.04810041012976323
eot_u_2,2,30,160,3.060749654413435,1.3547617015318825,-4.713971811762682,1.349063308787184,-5.05565616815049,0.6311454542541793,3.0301174573327687,1.3481547900642326,3.495308977318971,-0.2627285880997425,3.4650351142412803,-0.04042867676212486
eot_u_2,2,31,160,2.5829999077250805,1.4403023244310191,-5.708677657878795,1.4385842624370138,-6.31123499094403,0.6567938395400017,2.572276537304656,1.4384328840169047,3.6855597337745896,-0.4478182831665744,3.6580926319663263,-0.013111865127850984
eot_u_3,3,0,160,-2.0233303385727415,2.402392351400929,-6.364501283773795,3.3428005123173996,-12.591382877437294,2.407193721560225,-7.777982687988606,2.4225300842870805,1.0377512851118746,-1.7775520363463666,-0.3793041599265329,-1.6733231965366742
eot_u_3,3,1,160,0.9860398323762574,1.153449691231508,-5.056233901363255,3.906763462023239,-9.800216154071597,2.374186755994354,-4.041907989302084,2.261369622926817,1.6594071344240184,-1.1975535618024407,0.3274453309463142,-2.1030737696880633
eot_u_3,3,2,160,4.169424881815945,0.948134810291845,-8.559606297276392,3.033026640973592,-9.432710072429256,1.8963259708019793,-6.023186715452759,1.5220527570321711,4.044920429584939,-0.32711071451484103,0.9112440582803966,-4.790375267713157
eot_u_3,3,3,160,8.89321620305861,1.6581467932563196,-4.923589545433432,1.9689760252756041,-5.809847613097461,1.2057513676101803,-4.263668256851263,1.217965174983998,5.401514949466468,-0.402701090013313,0.281779222814254,-5.861629209783247
eot_u_3,3,4,160,7.224951156624836,1.4902602347862504,-4.0630441913079025,2.3050287161390037,-5.546883334778755,1.0372131188863232,-4.118759173371072,1.4785658704198348,5.467538668859104,-0.6241195159661156,-0.019916056585070074,-5.018872991667399
eot_u_3,3,5,160,7.308364820126255,1.5032483703096529,-3.9005091348782885,1.9419511806672825,-4.6126794816332355,0.8776980541105021,-3.2747307841509623,1.2707349934128418,8.379240018421973,-0.350926013835079,0.3077882122477392,-5.575515112411601
eot_u_3,3,6,160,5.787238064637322,1.135574651763199,-6.112168673782572,1.0765152682697636,-8.729248523727188,0.8675807077941313,-8.209581138596224,1.2829704461929883,9.034964260827538,-2.2484720754501075,-1.4684449892490594,-7.7326190077945585
eot_u_3,3,7,160,5.854549477238129,0.8044803202157221,-3.051362445126875,1.3008549039288384,-6.758229773507364,1.1018072028988855,-6.124469796154558,0.9650892279140095,7.952380292263943,-3.1909152648934507,-2.888739705928039,-12.629053685759914
eot_u_3,3,8,160,7.2100449668353495,1.1505694220094553,-2.893922755068907,1.1235584011499813,-6.213107476755698,1.3270778423853526,-5.6801220511884285,1.325130262174363,5.6586963313561185,-3.278061708432876,-2.973849021364181,-6.2590448749034095
eot_u_3,3,9,160,7.035461418630765,1.0093861592214917,-3.020240755664511,1.2185097966457532,-4.9174423619762795,0.824989858683518,-5.072373165232253,1.1177158485918222,5.8878449679157745,-2.0187559609207253,-1.5682145739478726,-6.673920406553295
eot_u_3,3,10,160,6.282178353597134,0.8612681827113935,-3.863864986760917,1.196114436919386,-5.935588041418145,0.7025883144275139,-6.425928159733137,0.7492443252106843,6.38148398044127,-2.9888562378433665,-2.660038222146144,-9.599267484547731
eot_u_3,3,11,160,6.292822750267966,0.8259409890941093,-3.392054491198434,1.0515008075595,-4.586863258559077,0.697110693719811,-6.622351079790329,0.7276019166980198,7.3146099839470615,-1.7821184888202353,-2.2423416657511788,-11.555410314370869
eot_u_3,3,12,160,6.861466180439274,0.8959347895691626,-4.274303173218096,1.5156837905965233,-4.375555851488061,0.835915645155242,-6.48675216801094,0.861443562348986,7.253475989065478,-0.09067910120224805,-1.1606834944481559,-10.136836056142593
eot_u_3,3,13,160,6.6566369885939904,0.8766422464637306,-3.571885874459889,1.5892234583244604,-3.314140491436791,0.7940914418180929,-6.020404668872578,0.9032005766501631,6.082645350647987,0.22516604047377883,-1.4189452242622858,-10.907614172540374
eot_u_3,3,14,160,7.047891539465897,0.6941679727625462,-3.7426416506938396,1.7280968587317267,-3.4348873828845234,1.0343576935196337,-6.157755055953149,0.9139497910369921,6.045788503551499,0.23511133858720581,-1.2322441650491804,-12.91357894636734
eot_u_3,3,15,160,7.5542607848343435,0.7451779756762313,-3.4541410281590528,1.5182666304668784,-3.235301120877619,0.9067708979901429,-7.119473518665157,0.9902286188016217,6.015993786021241,0.18241898510281754,-1.8676267115739178,-14.581542652567355
eot_u_3,3,16,160,8.200637624843901,0.9692061645903862,-3.496402806057914,1.3937458578702668,-3.7123874482832626,1.1437057651476266,-7.102868384311478,1.1545619891364638,7.09819349916904,-0.1883762682942199,-2.091625879141546,-10.30531030842373
eot_u_3,3,17,160,8.16067301874009,0.9643730063952008,-3.179406472047046,1.5051231329912893,-3.5775508308395403,0.9809162884204291,-6.202202231709596,1.048847330491974,7.063441146773123,-0.282807209757464,-1.486747014469559,-10.409571742355006
eot_u_3,3,18,160,7.920372685100837,0.8594155316903961,-3.1836323343244404,1.2829225358946033,-3.8510478568086577,0.8816859563357332,-6.757557605130968,0.6416189092159027,7.599975503140962,-0.5969579171881725,-2.726468741341623,-13.871520443730564
eot_u_3,3,19,160,8.367305998564278,1.1253570247744316,-3.0489844225487444,1.6037789013796935,-4.461137740016954,0.9938167809191804,-7.188444381857091,0.6885737132890604,7.39299062383809,-0.9335271940255204,-2.3775276925596756,-11.7090727007704
eot_u_3,3,20,160,8.941774340193529,1.30320728746566,-2.626189446845852,1.7204869910859864,-3.1400168488443336,0.9291483197491016,-5.95601924656611,0.7051812374794708,6.153354743486625,-0.3200779497329804,-1.7741268241053572,-9.60370820319926
eot_u_3,3,21,160,8.709921465540763,1.3666392930340614,-2.432693602564208,1.817025456209386,-2.7721094951472347,0.9329867242291023,-5.622295182121298,0.7859685997360905,5.930407858714785,-0.19076026222592787,-1.7058171072083343,-8.92025827870967
eot_u_3,3,22,160,5.869418935186195,1.483369499662674,-3.304914271751211,1.3274212180685037,-3.8899823332899315,0.7508837302446847,-7.25792511298239,0.8719927319090539,6.608978315007238,-0.4359356058689366,-2.7693412277793685,-6.639887402126173
eot_u_3,3,23,160,5.981221048087478,1.638940302784326,-3.406057009934476,1.3424481286482963,-3.4891261478738675,0.7688459918036583,-6.532954344874534,0.9149036187041337,6.445374062244323,-0.06140490292549131,-2.467694592341674,-6.090604393288429
eot_u_3,3,24,160,5.473791077087095,1.5987709838393547,-3.150975512476126,1.2606165194170207,-3.89081097305097,0.8326950277706265,-6.728005586466489,1.056839421282983,6.234864141560168,-0.5419780062675772,-2.728699322056206,-5.947739347348665
eot_u_3,3,25,160,5.123143465918335,1.8013697096311603,-3.108702618537535,1.3559347485267195,-3.8228514666485722,0.7314729369246713,-6.152521130311142,1.0217066023818895,5.734752124713144,-0.5008623825004899,-2.070007600709198,-5.115607152880518
eot_u_3,3,26,160,4.5670992394801075,1.699209859380695,-3.4258873490747717,1.3254571299981228,-4.3928171989823905,0.6085704153475708,-6.541947472434201,1.02007677533657,4.853857253033536,-0.7071094557207088,-2.177694111714355,-4.951410842074279
eot_u_3,3,27,160,5.041020719936304,1.8190114948895357,-2.3644621787711997,1.301725698742808,-3.7056682689289273,0.5876773067352531,-5.710920466648987,1.0504087926595163,4.349340038730933,-1.0190783262124585,-1.972035157601495,-4.378665389484875
eot_u_3,3,28,160,4.364698236958178,1.381948438485601,-2.9759109631188325,1.3789730031789902,-3.8222255506315177,0.82664777664016,-5.743071193383293,1.0047600152206067,4.618058935382978,-0.6606889801187524,-1.7109828435439232,-5.359071230051666
eot_u_3,3,29,160,4.141589579254765,1.27031692702784,-3.788383467871076,1.473714824528881,-3.8027278137922735,0.8285874861609335,-6.471132379095829,1.099564537600542,4.297702266351906,-0.010272986623932967,-1.587834680546283,-5.839676795092028
eot_u_3,3,30,160,3.483064330712369,1.3592390882004153,-3.7062012594681173,1.5738695935610123,-4.737495632595946,0.7025191232676714,-6.195832365660267,1.0996744274612498,3.703314472199942,-0.5997761704346186,-1.464129940161389,-4.875827978306467
eot_u_3,3,31,160,2.8402684664583706,2.0546263366835182,-5.004400208500997,1.873057654513623,-6.339262752729978,0.9014649555277138,-7.361817736514721,1.0347803511961202,2.939430518697751,-0.6175103526429077,-1.3161870287957733,-3.7377701856755396
eot_u_4,4,0,160,-0.9403892132010053,3.3254525518717797,-2.8047419474688366,3.1113408502738356,-5.685510569279225,2.6026605001866296,-3.523151525873831,3.194599439515726,0.7056009248641356,-1.1518458424529119,-0.2632105890775359,-0.9306579358042516
eot_u_4,4,1,160,0.9689870667936464,2.4930193773440124,-3.1385139988735116,3.1757928292160176,-4.382131638708377,2.8696249502514504,-0.7507281114100061,2.9324554781824674,2.3135796559576343,-0.6032222165388481,1.0839403878347196,-1.0820141423724279
eot_u_4,4,2,160,-2.2907040468242976,2.461677109081243,-4.690922894466183,3.1422517242205408,-4.999790602006807,3.1072096947079246,-3.270084628510407,2.7787920927924694,1.8988311105383542,-0.23336249743369059,1.0187464449971138,-1.1823991279948758
eot_u_4,4,3,160,-0.2667924908017573,1.268432174720487,-1.237249604689229,1.4021478271558474,-1.2939543223514063,1.2581011673547782,-0.5433961955418096,1.3388233133183784,1.1166130588184704,-0.07422729605384899,0.8453777259738559,-0.5950695873417625
eot_u_4,4,4,160,1.7574369345936263,1.825507617833662,0.749034857442187,2.2788231571091586,0.7734280623547177,1.9153623039881726,1.6093672126107212,2.0456266782691266,0.9150194804398218,0.020917159301071915,0.8892273156757661,-0.21353790554992935
eot_u_4,4,5,160,-0.11772235497595114,1.6952734379140821,0.33471147105483395,1.7220690737867732,0.056804154219209035,1.6351003155143276,-0.05696196878023887,1.7819399420673094,-0.5763801175838584,-0.46422614587869365,-0.5768312317220815,0.1273366217880989
eot_u_4,4,6,160,-2.0489037676454673,1.4008135797110441,-2.0776693919581337,1.579046097165697,-2.0887193703434606,1.5224691414146514,-2.118123286784815,1.4988476290983894,0.06353019350865977,-0.03668566938428353,-0.10250896565991217,-0.32248570261726817
eot_u_4,4,7,160,0.22837984983688359,1.4668043469504328,0.3383487849883348,1.671453140162163,0.49512691316237073,1.4365555426400598,0.41018228606995366,1.4588168748253183,-0.19307820875018677,0.26000334196441033,0.11672786949760344,0.8439650008811485
eot_u_4,4,8,160,1.800702032598198,1.5844882729752836,2.1884135743411974,1.6972237169190314,2.5091711837561332,1.769276650281453,2.223400453216919,1.5796896819609314,-0.8454306630112253,0.5923679842629878,0.07258023550155787,1.8406447569838025
eot_u_4,4,9,160,1.698903206123434,1.4710013276506195,2.063737962958962,1.5891027705987477,2.4642425193133213,1.4089255371915892,2.170883299204685,1.4561548506436361,-0.6405099580177007,0.6508773932605962,0.1706985462002398,1.4639533189690284
eot_u_4,4,10,160,0.5382300426251105,1.4003751178464128,0.7919397956489707,1.4701246049001924,1.1218271645502433,1.4282022011760551,0.7966525598586861,1.3851654297136986,-0.5391965253529503,0.9761502266833856,0.01135604965318953,0.8864924034352549
eot_u_4,4,11,160,1.0374581672142487,1.1143701258973084,2.0649044445796734,1.2036575154548068,2.18605889794449,1.2104043568286278,1.4660156394941244,0.9303111740833206,-1.9553377731066617,0.26367413479940144,-1.0973309249835896,0.9115039903813552
eot_u_4,4,12,160,0.3673949314414426,1.133528366037487,1.1208135636708718,1.1848391397182618,1.206620234101965,1.1668806762854236,0.7417155997429462,0.9820041700447073,-1.41226853783155,0.2052394813507421,-0.8308848087728715,0.991120826914877
eot_u_4,4,13,160,0.1515856372307341,1.3882583592665931,1.4886477654941077,1.1662932262803922,1.6209964813873383,1.0988865839311084,0.9470103578137806,1.0615019702280921,-2.22430546180986,0.29544890620744607,-1.2999105457869509,1.3268777051913925
eot_u_4,4,14,160,0.7185547648498444,1.1645494917723156,1.425704981877231,1.0530673606731187,1.6256701555811062,0.947364547686385,1.239172221256371,0.9012608348692487,-1.201247084538224,0.5307699576400048,-0.4352695919060516,1.2182359108466532
eot_u_4,4,15,160,-0.0004181834838050236,1.373912180151853,1.53963334308517,1.1673836225879197,1.7686410100328402,1.0218539052833453,0.9722083205105292,0.9672035939608983,-1.8991692702798915,0.5223622324290932,-1.1825135881417652,1.6333230884102734
eot_u_4,4,16,160,-0.01930193255499004,1.788755743009042,1.4911153190006914,1.4505647734063707,1.6151307793748273,1.1641597770029646,0.741863715762231,1.352660786350035,-1.8261655446348104,0.2071102755791583,-1.3716738371130193,1.2246286888983617
eot_u_4,4,17,160,0.3823350969640365,1.6330080558230968,1.6390680345206703,1.2902690058809432,1.949520234471612,1.1857358026705067,1.077267214126539,1.4592400100049319,-1.823591301390509,0.6482902603772902,-1.2473848855649252,1.3196556286062486
eot_u_4,4,18,160,0.13080158102727246,1.524758543259473,0.949474842500468,1.1351973397661672,1.155489152628002,1.091947111511836,0.5356370687688388,1.2845848227877001,-0.983341899922336,0.446246918984142,-0.7263992638150621,0.7930753684089351
eot_u_4,4,19,160,0.039529442799174586,2.1020695427091907,0.2819602284989666,1.5296658056513017,0.4060679029495565,1.4508141679194473,0.295884215883763,1.6441938743496285,-0.24772888519849703,0.26647428042707294,0.0261124373555432,0.3662997004066898
eot_u_4,4,20,160,0.42086979959554266,2.0153233011293152,0.7010388909713926,1.4414765702194765,0.6384832761315554,1.4079428225229835,0.5842590698437379,1.5688123455022773,-0.30766484301379887,-0.09863555133039709,-0.18784459481658503,0.2396113647834943
eot_u_4,4,21,160,0.3538303253934389,2.251494578933097,0.6901362606982933,1.493629893584181,0.7482932864194346,1.4631733640453957,0.6936250111961462,1.6667482335361459,-0.3317686147586342,0.09252771656362074,0.006201251511957006,0.4346287164885558
eot_u_4,4,22,160,0.5438387030949874,1.9716874280170498,1.3381207865861868,1.5266347400291616,1.7189174772580238,1.502753865274657,1.1147033410775964,1.5099866397404322,-0.9598135930278641,0.7652809911657914,-0.35943666267434204,0.860131564644113
eot_u_4,4,23,160,0.6370020048333048,2.0697905984004543,1.757046931112675,1.7559956657044253,2.097781335225013,1.6901887845913937,1.3116291777242606,1.7602858733875286,-1.448759344717333,0.5399727832608741,-0.6854718418837327,1.2383308926095133
eot_u_4,4,24,160,1.5370265716924068,2.010305270990148,2.2860466330073903,1.7927840698356416,2.6348752427818263,1.6226023791596225,1.8537122569686602,1.696316258462436,-1.0433221687508518,0.58179528931825,-0.6897518128765431,0.605246369084783
eot_u_4,4,25,160,1.5012889059172458,1.905776005720761,2.325571458851956,1.6762079240028047,2.7468190385540696,1.5951240056564955,1.9154550831238306,1.5910336589074443,-1.125486974472311,0.6850042460746598,-0.6297873934860749,0.7789723478817602
eot_u_4,4,26,160,1.0113367947305325,1.871335486247161,1.7736317566935758,1.684086415832821,2.405892472385326,1.6429722375729237,1.5367275575537207,1.6916262017376413,-1.2349367625341023,0.9794389003942625,-0.4154754012453762,1.0215507099432655
eot_u_4,4,27,160,0.9110344895160664,1.7344895142668366,1.724903888282973,1.3519782857300118,2.237747735923461,1.3279634746951556,1.386968386876379,1.4420745590028596,-1.2808933922269807,0.9628123552127025,-0.7457479338757077,0.8459088333568672
eot_u_4,4,28,160,0.4544955411733298,1.5401916130783764,1.39035712528256,1.2601763440554326,1.7532507588177417,1.2539006050717814,0.8985884535504685,1.3111848780849842,-1.596993582344662,0.7294594953519137,-0.984200626970018,0.778064375508307
eot_u_4,4,29,160,-0.6720748749984778,1.5425631204004175,0.5829150373188512,1.4603092784014253,0.776731191169248,1.256084222256923,-0.2539919379624724,1.3398668243233687,-1.927769786585372,0.2952010275228589,-1.4743369707091714,0.6367723939713471
eot_u_4,4,30,160,-0.1859994822208871,1.4116669407503275,0.14583743038529343,1.4728644691438373,0.43827975836346694,1.4473399368799635,-0.22034370125716335,1.2874220815748956,-0.427394033290005,0.4573048959362205,-0.6905376085338719,-0.048479853747230316
eot_u_4,4,31,160,-0.15076647446615765,1.1279376862977795,-0.2087470133566085,1.4255012326997243,-0.03603999306178217,1.2730672189506371,-0.443825275812038,1.14721308864374,0.0546581037016917,0.2152179863500077,-0.32663498759885334,-0.3454498267381403
